Susanne,Lindberg,1386679454,08 Packers Point,3810696675,Eolophus roseicapillus,,ENABLE
Shawna,McMychem,1932495232,30107 Pine View Parkway,3935422539,Lamprotornis superbus,,DISABLED
Hirsch,Whitrod,1412405684,29882 Badeau Terrace,3833936844,Myrmecophaga tridactyla,,ENABLE
Georgeanna,Perren,1372875404,51 Vernon Center,3344258285,Hydrochoerus hydrochaeris,,DISABLED
Cathe,McCoughan,1948026078,3775 Lake View Place,3522546635,Platalea leucordia,,ENABLE
Tootsie,Spyer,1589149087,26 Troy Lane,3960552741,Felis pardalis,,ENABLE
Carlynne,Pomeroy,1027620901,54 Butternut Court,3176063232,Nesomimus trifasciatus,,DISABLED
Georgeanne,Towle,1992313640,0323 Corben Road,3997728670,Butorides striatus,,DISABLED
Aloysius,Donohoe,1786500116,31 Clyde Gallagher Junction,3860949344,Phalacrocorax niger,,ENABLE
Margeaux,Turtle,1521799455,10 Helena Drive,3244041288,Ursus maritimus,,ENABLE
Colleen,Yendall,1135390849,86 Mifflin Terrace,3215756401,Stenella coeruleoalba,,ENABLE
Conrad,Reye,1834420150,197 Oxford Road,3800643129,Prionace glauca,,ENABLE
Rees,Peachment,1773660092,340 Crownhardt Avenue,3071929731,Ara ararauna,,ENABLE
Mace,Snaith,1386416983,1 Algoma Center,3619955569,Nasua narica,,ENABLE
Clarance,Hogbourne,1196735594,6 Veith Street,3847496913,Corallus hortulanus cooki,,DISABLED
Wald,Strongitharm,1984819834,42435 Lotheville Alley,3749467542,Gymnorhina tibicen,,ENABLE
Vite,Critch,1905501837,3861 Superior Way,3267929353,Tyto novaehollandiae,,DISABLED
Karylin,Merrydew,1558255834,15402 Stephen Crossing,3079586631,Chamaelo sp.,,ENABLE
Cello,Chaffer,1231687453,594 Jay Circle,3044379462,Erinaceus frontalis,,ENABLE
Orsola,Bohlmann,1735988484,35350 Esch Center,3076744898,Tursiops truncatus,,DISABLED
Pen,Reid,1293744745,08 Walton Road,3543505732,Centrocercus urophasianus,,DISABLED
Regina,Elwood,1302391131,26731 Laurel Pass,3133065486,Falco peregrinus,,DISABLED
Aurel,Aucutt,1753166701,327 Huxley Way,3121222050,Felis caracal,,DISABLED
Vern,Derisly,1083835673,491 Reindahl Circle,3377030711,Erethizon dorsatum,,DISABLED
Malanie,Doag,1027513303,5857 Banding Alley,3003512725,Nesomimus trifasciatus,,ENABLE
Brockie,Fergusson,1613852572,69 Prentice Parkway,3667771196,Canis dingo,,ENABLE
Ninette,Cakebread,1070413947,23 North Way,3130774048,Macaca fuscata,,ENABLE
Jodie,Shave,1454557426,460 Bellgrove Hill,3553990088,Larus fuliginosus,,DISABLED
Pierson,Rennenbach,1520759134,67 Canary Alley,3954449750,Parus atricapillus,,DISABLED
Althea,Gerred,1165644142,8696 5th Park,3336680200,Rana sp.,,DISABLED
Flori,Abramamov,1987804918,0061 Crescent Oaks Crossing,3687548725,Gekko gecko,,DISABLED
Matilde,Mitskevich,1161040597,4 Lien Junction,3561937412,Lepilemur rufescens,,DISABLED
Ambrosio,Lemin,1213223408,026 Rockefeller Court,3065114250,Alectura lathami,,DISABLED
Ernestus,Mabbe,1582252550,5 Browning Parkway,3559258619,Fregata magnificans,,DISABLED
Skippy,Tripet,1004030086,875 Bartillon Drive,3085247292,Bucephala clangula,,DISABLED
Panchito,Sallinger,1631500713,79 Brentwood Circle,3257634119,Panthera tigris,,DISABLED
Abbi,Jiggen,1250652468,06400 Buell Junction,3775540827,Mazama gouazoubira,,DISABLED
Jarrett,Mosson,1256283232,080 Duke Park,3987199143,unavailable,,ENABLE
Cornelle,Swaton,1659940712,579 Dovetail Street,3780783119,Canis mesomelas,,ENABLE
Harriet,Storie,1497909509,12624 La Follette Place,3467722355,Alopex lagopus,,DISABLED
Meredithe,Ondrich,1683684940,75412 Johnson Center,3849123598,Bugeranus caruncalatus,,DISABLED
Titos,Robinette,1997902696,88663 Stang Center,3236745679,Heloderma horridum,,ENABLE
Lucille,Dobel,1216242574,5640 Commercial Pass,3848379868,Branta canadensis,,DISABLED
Nannie,Ford,1807551321,6429 5th Center,3467781474,Anas bahamensis,,DISABLED
Evania,Croome,1212642241,66722 Buhler Point,3920966812,Ploceus intermedius,,ENABLE
Byrom,Deyenhardt,1561499982,9529 Corscot Trail,3841275394,Acridotheres tristis,,ENABLE
Dniren,Abelevitz,1978519222,8 Arrowood Hill,3980055728,Calyptorhynchus magnificus,,DISABLED
Amabelle,Michele,1049854205,06385 Barby Circle,3349024963,Zenaida asiatica,,DISABLED
Nels,Matczak,1604403792,61695 Del Mar Road,3886695585,Sylvicapra grimma,,DISABLED
Carlyn,Howe,1756180262,3 Delaware Center,3077072793,Ctenophorus ornatus,,ENABLE
Bunny,Minmagh,1294587085,2822 Warbler Trail,3245050840,Plectopterus gambensis,,ENABLE
Archaimbaud,Clynman,1488608198,86 Corben Center,3514201001,Merops nubicus,,DISABLED
Nicoli,Oller,1234296797,23 Oak Parkway,3868840887,Carduelis pinus,,DISABLED
Briant,McLenahan,1356187109,8370 Lindbergh Point,3638352472,Zenaida galapagoensis,,ENABLE
Sidney,Greste,1922302760,585 Forest Run Court,3863125442,Erinaceus frontalis,,DISABLED
Adamo,Benzies,1757040165,37 Esker Point,3476030407,Suricata suricatta,,DISABLED
Hope,Davall,1851760202,3 Cody Hill,3027500013,Vombatus ursinus,,DISABLED
Susana,Bavester,1648151157,786 Kensington Alley,3621375597,Anas punctata,,ENABLE
Ray,Crier,1915346010,80337 Dawn Avenue,3942611276,Pseudocheirus peregrinus,,ENABLE
Dorene,Surgener,1392582761,723 Fuller Point,3070654982,Equus burchelli,,ENABLE
Kelila,Plank,1508704495,7 Ronald Regan Pass,3378080251,Mungos mungo,,ENABLE
Skippie,Valti,1664235058,76938 Hoepker Street,3727472432,Anastomus oscitans,,DISABLED
Yance,Hilliam,1468772942,37544 Jana Hill,3211410473,Redunca redunca,,DISABLED
Sigmund,Carlet,1841860577,76647 Eagle Crest Road,3488695605,Falco peregrinus,,ENABLE
Lorens,Ganforth,1689042220,26 Stuart Junction,3004506969,Alopex lagopus,,ENABLE
Sherri,La Rosa,1831650515,882 Express Center,3654672334,Macropus agilis,,ENABLE
Thorin,Madrell,1924070645,501 Sunbrook Alley,3885745476,Raphicerus campestris,,ENABLE
Cate,Kelk,1468059158,91 Duke Avenue,3926358268,Spheniscus magellanicus,,DISABLED
Ynez,Cardo,1019540497,74 Fremont Terrace,3098019180,Charadrius tricollaris,,ENABLE
Erna,Schuster,1683752502,6076 Westend Terrace,3688913814,Lamprotornis nitens,,ENABLE
Evey,Beeck,1864432535,9 Daystar Crossing,3847172680,Lophoaetus occipitalis,,ENABLE
Angy,Plowman,1888201672,730 Buena Vista Trail,3559946259,Branta canadensis,,DISABLED
Inger,Smallwood,1019596987,98 Quincy Drive,3047444291,Sterna paradisaea,,ENABLE
Darcee,Clothier,1956468848,4541 Summer Ridge Trail,3526887232,Echimys chrysurus,,DISABLED
Gabriel,Terbrug,1787662738,33531 High Crossing Crossing,3026743312,Milvus migrans,,DISABLED
Dale,Kinchington,1749200568,25 Cottonwood Hill,3003790251,Bubo virginianus,,ENABLE
Del,Jantel,1214863663,114 Cambridge Terrace,3539672937,Cacatua tenuirostris,,ENABLE
Suzy,Village,1679350610,06331 Golf Lane,3389170212,Tamiasciurus hudsonicus,,DISABLED
Caressa,Cullinan,1609818729,734 Pennsylvania Court,3015278216,Axis axis,,ENABLE
Nev,Tabor,1709601341,18 Susan Parkway,3518708432,Chlamydosaurus kingii,,ENABLE
Charmian,Crollman,1488057670,7 Sunbrook Center,3984735137,Grus canadensis,,DISABLED
Gino,Guy,1605791136,78965 Anhalt Road,3632025627,Colobus guerza,,ENABLE
Glynda,Kewley,1189475197,7408 Homewood Alley,3528160392,Branta canadensis,,DISABLED
Krisha,Dumper,1251064467,7142 Merchant Road,3250211142,Anthropoides paradisea,,ENABLE
Janis,Whyberd,1412369518,770 Nova Crossing,3638941555,Taurotagus oryx,,DISABLED
Nataniel,Aloshechkin,1154043662,5 Boyd Pass,3677021234,Phalacrocorax carbo,,ENABLE
Stephana,Darnbrough,1556754774,42465 Old Gate Court,3616462058,Cordylus giganteus,,ENABLE
Audre,Duddle,1885065684,28342 Cambridge Plaza,3096501458,Varanus albigularis,,DISABLED
Corinne,Maggiori,1552106888,2166 Monument Plaza,3869078591,Tauraco porphyrelophus,,ENABLE
Garrott,Sibthorpe,1213659564,45 Loeprich Pass,3009722174,Libellula quadrimaculata,,ENABLE
Corabel,Egginson,1983151268,46683 Sage Parkway,3160408568,unavailable,,DISABLED
Pavlov,Mould,1807941664,92 Messerschmidt Point,3157661192,Zonotrichia capensis,,ENABLE
Kathryne,Jose,1583475890,8896 Shelley Center,3023650552,Larus fuliginosus,,ENABLE
Krissie,Urquhart,1079052483,17 Warrior Parkway,3848249912,Manouria emys,,ENABLE
Mozelle,Castelluzzi,1045119493,605 Messerschmidt Point,3887784544,Alcelaphus buselaphus caama,,ENABLE
Corinne,Gulc,1962340207,92915 Holy Cross Point,3977397759,Creagrus furcatus,,ENABLE
Tova,Pollendine,1469323221,60479 Linden Hill,3170591934,Stercorarius longicausus,,DISABLED
Agata,Danbi,1419547643,733 Graceland Crossing,3653103074,Boa caninus,,DISABLED
Chelsy,Mulvin,1328165041,6 Shoshone Hill,3889951661,Sarkidornis melanotos,,DISABLED
Salomone,Sine,1781240782,59 Killdeer Parkway,3092870190,Kobus defassa,,DISABLED
Lawry,Oley,1097366321,02263 Arapahoe Park,3565307637,Capreolus capreolus,,DISABLED
Carita,Woodnutt,1284519636,5981 Division Trail,3643104993,Chlidonias leucopterus,,DISABLED
Osmund,Candlin,1133845628,765 Beilfuss Alley,3816130419,Chionis alba,,DISABLED
Scarface,Milton-White,1568936881,37345 Kedzie Place,3952666035,Actophilornis africanus,,DISABLED
Odo,Roswarne,1853988423,30798 Arapahoe Place,3014759109,Buteo regalis,,ENABLE
Saundra,De Ortega,1979271780,3365 Saint Paul Center,3071388151,Lepus townsendii,,ENABLE
Harley,Bouchard,1188948079,86 Eastlawn Drive,3019681717,Francolinus swainsonii,,ENABLE
Jard,Emeline,1422886180,68628 Carey Terrace,3642276385,Cathartes aura,,ENABLE
Peterus,Vockins,1502213649,84666 Menomonie Crossing,3387599309,Eolophus roseicapillus,,DISABLED
Aldrich,Topp,1956783929,63204 Merry Drive,3070464737,Myotis lucifugus,,ENABLE
Bren,Llewelly,1602423610,4263 Badeau Junction,3565403789,Anitibyx armatus,,ENABLE
Delores,Cotilard,1104515118,5 Arapahoe Court,3830560966,Deroptyus accipitrinus,,DISABLED
Roger,Bernollet,1247072440,04814 Bay Park,3442883102,Lamprotornis sp.,,ENABLE
Fara,Chidwick,1470520910,04 Mccormick Trail,3580088696,Rhea americana,,DISABLED
Alvy,Forsythe,1460309361,23 Sachs Parkway,3701543812,Alligator mississippiensis,,ENABLE
Heywood,Petyanin,1493667753,80 Warner Alley,3990904607,Eumetopias jubatus,,ENABLE
Zsa zsa,Trevan,1703285358,31 Valley Edge Junction,3466827795,Pseudoleistes virescens,,ENABLE
Renae,Twine,1713018747,57 Hoard Road,3307746946,Hystrix cristata,,DISABLED
Linnea,Laurentino,1463869184,917 Continental Pass,3231226591,Callipepla gambelii,,DISABLED
Vaughn,Bonhomme,1402372392,9 Gina Circle,3035371491,Petaurus breviceps,,DISABLED
Shoshanna,Aughton,1447037787,433 Buell Pass,3736881317,Madoqua kirkii,,ENABLE
Emilia,Deboick,1607639828,08137 Sloan Road,3004845335,Gopherus agassizii,,ENABLE
Court,Fidele,1976680552,3934 Moland Court,3338482541,Haliaeetus leucoryphus,,ENABLE
Heriberto,Chifney,1715634465,618 Crownhardt Hill,3622639863,Boa caninus,,DISABLED
Marga,Slora,1434167856,81003 Scofield Center,3979280465,Balearica pavonina,,DISABLED
Randell,Haken,1445218044,0 Gulseth Point,3369298698,Raphicerus campestris,,DISABLED
Natal,Brizland,1646254410,4503 Hauk Drive,3035143634,Columba palumbus,,ENABLE
Hayyim,Skae,1165688640,09744 Lyons Circle,3751966886,Creagrus furcatus,,ENABLE
Danni,Borwick,1638895411,604 Mallory Parkway,3908673702,Felis concolor,,ENABLE
Marthena,Ritson,1544532448,7752 Summit Circle,3744157156,Canis aureus,,ENABLE
Shurlock,Dik,1960730342,97181 Lawn Way,3198122964,Elephas maximus bengalensis,,ENABLE
Eva,Readie,1107911386,9779 Gerald Alley,3974002777,Marmota monax,,DISABLED
Fletcher,Boffin,1912822978,314 North Junction,3721684679,Trichoglossus chlorolepidotus,,DISABLED
Igor,Barden,1498391276,94 Mcguire Terrace,3235498633,Marmota flaviventris,,DISABLED
Perren,Whye,1263204309,2 Jenna Crossing,3789557338,Creagrus furcatus,,DISABLED
Corie,Bumfrey,1396487566,5 Pankratz Lane,3378102516,Laniarius ferrugineus,,DISABLED
Marigold,Heaviside,1718807925,62577 Lerdahl Street,3060728242,Lasiodora parahybana,,ENABLE
Kendricks,Skip,1783798624,1237 Service Pass,3396131743,Phylurus milli,,ENABLE
Dulci,Felix,1556813479,47887 Village Street,3169326267,Nannopterum harrisi,,ENABLE
Kalindi,Lawlie,1533069802,6303 Marcy Center,3239006428,Cracticus nigroagularis,,ENABLE
Aleksandr,MacIlraith,1148302263,808 Scoville Way,3026537228,Tetracerus quadricornis,,DISABLED
Addie,Redbourn,1804212577,1 Sunfield Park,3811714524,Chlidonias leucopterus,,DISABLED
Raymond,Bellworthy,1163580195,01 Muir Crossing,3087092144,Axis axis,,ENABLE
Krista,Yushmanov,1582517353,7450 Schmedeman Circle,3650739497,Funambulus pennati,,ENABLE
Aloysius,Denisard,1038491402,7471 Mesta Lane,3690586211,Mellivora capensis,,ENABLE
Karee,Gadman,1272033911,380 Canary Crossing,3635822578,Lutra canadensis,,ENABLE
Koo,Gravett,1782433124,9414 Carberry Center,3755390710,Spermophilus lateralis,,ENABLE
Tymothy,McGahy,1509420573,2 Fairfield Hill,3681035669,Herpestes javanicus,,DISABLED
Greggory,Wetton,1967228979,16875 Anniversary Point,3431799580,Balearica pavonina,,ENABLE
Etta,Pershouse,1200828860,3 Lighthouse Bay Center,3735540829,unavailable,,ENABLE
Hallsy,Pethybridge,1899197293,549 Northview Plaza,3014431532,Agelaius phoeniceus,,ENABLE
Malinde,Menauteau,1857487216,0986 Dottie Circle,3921623847,Aegypius occipitalis,,ENABLE
Augusta,Jankovic,1157733013,162 Lindbergh Junction,3146321005,Phalacrocorax varius,,ENABLE
Anatola,Cluderay,1373271289,847 Village Street,3355771282,Anthropoides paradisea,,DISABLED
Emmet,Ravens,1585506835,7 Kingsford Road,3986209269,Cygnus atratus,,ENABLE
Ysabel,Aspland,1410661385,31640 Dixon Street,3473774065,Plegadis falcinellus,,DISABLED
Sonia,Jahan,1830510665,2390 Kings Point,3495067316,Pteropus rufus,,ENABLE
Deeanne,Danilyak,1192449879,5843 Memorial Point,3502077758,Ceryle rudis,,ENABLE
Louisette,Brassington,1743089682,2 Brown Terrace,3193200917,Melanerpes erythrocephalus,,ENABLE
Damian,Saintsbury,1862027845,61 Old Shore Way,3030423287,Morelia spilotes variegata,,DISABLED
Doria,Lemmens,1068229047,09 Sheridan Park,3530186951,Sterna paradisaea,,DISABLED
Eugenia,Bowler,1161845501,3817 Hallows Junction,3517416556,Pelecanus conspicillatus,,ENABLE
Dredi,Witheridge,1124710577,23279 Annamark Road,3594560068,Sciurus vulgaris,,DISABLED
Sidonia,Coulthurst,1443646763,80 Commercial Avenue,3767784876,Lepilemur rufescens,,DISABLED
Stirling,Savaage,1847458053,5118 Express Junction,3078075021,Buteo jamaicensis,,ENABLE
Jinny,Joly,1091425995,0 Lawn Way,3710163249,Oryx gazella callotis,,ENABLE
Nerissa,Ferraro,1352715103,65 South Circle,3630610810,Pelecans onocratalus,,ENABLE
Danette,Louisot,1742317916,2089 Spaight Pass,3278897122,Buteo galapagoensis,,DISABLED
Salomi,Cronk,1355096711,846 Ridge Oak Alley,3162968143,Cacatua tenuirostris,,ENABLE
Danyette,Ghost,1139293951,41268 Center Park,3010716201,Vulpes vulpes,,ENABLE
Shermy,Faltin,1735541781,177 High Crossing Parkway,3025594909,Mustela nigripes,,DISABLED
Gareth,Francescuzzi,1085719115,5543 Vermont Way,3083973126,Columba livia,,ENABLE
Marita,Glyde,1138929508,0916 Ramsey Road,3660815794,Dasyprocta leporina,,ENABLE
Sabina,Pittle,1353642800,486 Amoth Hill,3769331081,Estrilda erythronotos,,DISABLED
Abram,Wibrow,1409845538,14616 Grover Avenue,3348056689,Dusicyon thous,,ENABLE
Kalle,Pointin,1402017183,95261 Claremont Trail,3201953545,Phylurus milli,,DISABLED
Conroy,Cakes,1467082248,20269 Northridge Way,3601620304,Priodontes maximus,,DISABLED
Shelbi,Cashen,1771717904,10979 Mariners Cove Court,3873649705,Bucorvus leadbeateri,,ENABLE
Eliza,Essery,1547874481,8701 Sunnyside Avenue,3146840194,Ninox superciliaris,,ENABLE
Kalil,Jorczyk,1638603752,8897 Memorial Place,3266570101,Semnopithecus entellus,,ENABLE
Danella,Crowther,1448491276,845 Fair Oaks Hill,3440639860,Coluber constrictor,,DISABLED
Susanne,Shaughnessy,1209609972,7 Aberg Trail,3973999467,Coluber constrictor,,DISABLED
Jemie,McFee,1052054098,105 Springs Point,3569592305,Nasua narica,,ENABLE
Jilleen,Whitesel,1570298723,6 Becker Terrace,3557786444,unavailable,,ENABLE
Ethelda,Gallahar,1838808298,9 Vermont Road,3089453893,Colobus guerza,,DISABLED
Bree,Rehn,1361254261,0 Meadow Vale Alley,3233002533,Gyps bengalensis,,ENABLE
Scotti,Shadwick,1498689266,85 Sutteridge Hill,3829872399,Felis caracal,,DISABLED
Joaquin,Bourchier,1801314330,77 Sutherland Pass,3336294858,Trichoglossus chlorolepidotus,,ENABLE
Allison,Brownsworth,1439222610,4 Granby Street,3159274787,Mungos mungo,,ENABLE
Joye,Sigert,1534842032,90 Oriole Junction,3459598757,Gazella thompsonii,,ENABLE
Geri,Rapier,1160368081,0642 Hoard Way,3079081401,Papilio canadensis,,DISABLED
Brant,Besnard,1324593227,12 Charing Cross Street,3650356627,Trachyphonus vaillantii,,ENABLE
Gabbey,Worton,1844000306,976 Dennis Hill,3807178904,Semnopithecus entellus,,ENABLE
Karilynn,Boutflour,1490793551,803 Spaight Plaza,3319407169,Tachyglossus aculeatus,,ENABLE
Alanson,Hartlebury,1959908715,602 Buhler Drive,3452416305,Macropus agilis,,DISABLED
Ripley,Copin,1411008935,145 Monica Circle,3204379303,Choloepus hoffmani,,DISABLED
Sam,Isacoff,1743889470,513 Evergreen Alley,3518862019,Cacatua tenuirostris,,DISABLED
Freedman,Spowage,1608237397,49173 Stephen Way,3662057379,Butorides striatus,,ENABLE
Brig,See,1522807105,80 Meadow Ridge Street,3321114144,Mirounga leonina,,DISABLED
Jackie,Roux,1299260206,5729 Aberg Pass,3303539886,Plegadis falcinellus,,DISABLED
Ranna,Parlour,1744654979,9 Schlimgen Parkway,3415030573,Upupa epops,,DISABLED
El,Ruck,1479136197,37 Thierer Road,3996046903,Cochlearius cochlearius,,ENABLE
Madella,Pierpoint,1369743774,4 Mariners Cove Way,3159996998,Kobus vardonii vardoni,,DISABLED
Lanita,Butlin,1756972490,52 Jenifer Junction,3091976061,Bugeranus caruncalatus,,DISABLED
Meredithe,Lode,1349893618,37657 Roth Parkway,3247024705,Ornithorhynchus anatinus,,ENABLE
Jess,Fitzroy,1807457774,8771 Del Sol Parkway,3289259168,Chloephaga melanoptera,,DISABLED
Edik,Dyne,1858153469,9 Crownhardt Circle,3626671891,Potorous tridactylus,,DISABLED
Sabina,Gundry,1161945721,51 Di Loreto Way,3266508650,Vanellus armatus,,DISABLED
Guillaume,Partlett,1437728352,7912 Hauk Street,3747194791,Actophilornis africanus,,ENABLE
Garv,Dannehl,1507800626,4 Milwaukee Park,3582999261,Arctogalidia trivirgata,,DISABLED
Manon,Heather,1694719976,10 Scoville Junction,3837257173,Trichosurus vulpecula,,ENABLE
Bjorn,Trulock,1164696812,58944 Bay Center,3998663070,Felis caracal,,DISABLED
Sarene,Gallone,1927296814,8 Ryan Center,3742047260,Herpestes javanicus,,ENABLE
Sharyl,Lashmore,1280819647,79 Sachtjen Junction,3587717809,Butorides striatus,,DISABLED
Saree,Edgin,1559790995,923 Continental Lane,3515068752,Zenaida asiatica,,ENABLE
Franny,Drummond,1267184890,7826 Oneill Avenue,3143868175,Ammospermophilus nelsoni,,DISABLED
Krista,Kenningham,1403283959,39 Towne Center,3704533560,Callorhinus ursinus,,DISABLED
Wilmer,Berresford,1297485873,0273 Sommers Road,3924221870,Ramphastos tucanus,,ENABLE
Case,Lillow,1806912195,24387 Northland Drive,3284012988,unavailable,,ENABLE
Wynny,Wrightham,1046994925,24 Hovde Drive,3870462763,Eubalaena australis,,ENABLE
Jerry,Marris,1886724344,303 Reinke Circle,3111003019,Amphibolurus barbatus,,ENABLE
Granthem,Saw,1819118939,51006 Bartillon Road,3411157527,Vulpes cinereoargenteus,,ENABLE
Man,Bernini,1567278914,32 Little Fleur Junction,3454655163,Caiman crocodilus,,DISABLED
Nari,Courtliff,1640639588,1 Spaight Court,3185475042,Zonotrichia capensis,,ENABLE
Yancey,Wooderson,1420094267,1844 Pawling Plaza,3508547777,Merops nubicus,,ENABLE
Anatole,Struijs,1173101437,046 Cardinal Court,3709624788,Ammospermophilus nelsoni,,DISABLED
Robinia,Swaisland,1026545591,14 Kinsman Drive,3092159960,Nasua nasua,,ENABLE
Natala,Jasper,1502051869,35731 Ludington Park,3539636963,Cordylus giganteus,,DISABLED
Kellina,Weeds,1260286274,2 Golden Leaf Avenue,3248581697,Zosterops pallidus,,ENABLE
Bliss,Espasa,1813335555,27 Kingsford Alley,3977241872,Papio cynocephalus,,DISABLED
Marve,Gosse,1060365961,483 Northview Center,3399476822,Gyps bengalensis,,DISABLED
Scarlet,Guppey,1475344756,939 Hoffman Road,3144666087,Gorilla gorilla,,ENABLE
Shaylah,Kerswill,1861352616,174 Division Avenue,3867080620,Haematopus ater,,DISABLED
Melania,Clyburn,1333129676,63265 Oak Park,3049094053,Corvus brachyrhynchos,,DISABLED
Orlando,Whitear,1982035389,2933 Warbler Alley,3126268113,Phoenicopterus chilensis,,ENABLE
Rogerio,Vlies,1938557231,64354 Ryan Alley,3906389091,Junonia genoveua,,ENABLE
Floria,Sirett,1783531162,98 Reindahl Junction,3044108396,Ardea golieth,,ENABLE
Sayre,Magister,1887248770,417 Longview Plaza,3671675208,Cervus elaphus,,DISABLED
Ulrike,Brim,1057674402,68312 Heffernan Lane,3685227713,Phascolarctos cinereus,,DISABLED
Willabella,Phillp,1741865116,680 Oakridge Drive,3172087076,Corvus albicollis,,ENABLE
Nikkie,Reddyhoff,1829449158,3541 Buhler Parkway,3523493162,Sciurus vulgaris,,ENABLE
Willard,Lissemore,1130849142,809 Superior Circle,3567558575,Cervus canadensis,,DISABLED
Hersh,Fibbit,1166645652,869 Esker Point,3315685098,Choriotis kori,,ENABLE
Regan,Kelwick,1019123079,3 Memorial Circle,3407276403,Dasyurus maculatus,,DISABLED
Siward,Halston,1214658481,4455 Twin Pines Point,3401515861,Sagittarius serpentarius,,ENABLE
Jasmine,Foulger,1723128243,8 Dahle Drive,3193376249,Genetta genetta,,DISABLED
Ewart,Pitkaithly,1481228908,756 Chinook Street,3253856033,Epicrates cenchria maurus,,DISABLED
Juliann,Gotliffe,1982598976,8 Anzinger Junction,3399039803,Corvus albus,,ENABLE
Teressa,Siveter,1788264083,92408 Helena Alley,3673786318,unavailable,,ENABLE
Carlo,Torbard,1236478894,674 Duke Crossing,3365976030,Phoenicopterus ruber,,DISABLED
Babs,Rois,1967981713,653 Moulton Hill,3216833677,Redunca redunca,,DISABLED
Diann,Klos,1591016582,9698 Grasskamp Park,3972426376,Geococcyx californianus,,ENABLE
Aguste,Pledger,1432173042,491 Service Circle,3368517047,Sula nebouxii,,DISABLED
Stirling,Comerford,1502128605,43 Sutherland Center,3030019235,Nucifraga columbiana,,ENABLE
Omero,Stuchbury,1293295940,1655 Ludington Pass,3534426238,Dendrocitta vagabunda,,DISABLED
Tabitha,Passfield,1839105004,8 Nevada Street,3419305357,Choloepus hoffmani,,ENABLE
Marlo,Fery,1674551914,63 Hazelcrest Center,3805391086,Taurotagus oryx,,DISABLED
Gaelan,Snooks,1715272162,51336 Gulseth Street,3898938675,Merops nubicus,,ENABLE
Ethelred,O'Dyvoy,1749990101,60 Monica Center,3813179650,Geochelone elegans,,DISABLED
Siffre,Hearfield,1280173134,33 Norway Maple Alley,3509077131,Haliaetus leucogaster,,ENABLE
Shina,Vero,1980150484,118 Algoma Lane,3905764735,Anastomus oscitans,,ENABLE
Berton,Pellington,1919437064,9 Starling Pass,3259909842,Pycnonotus barbatus,,ENABLE
Joan,Rhydderch,1582512410,518 Cottonwood Trail,3076284575,unavailable,,ENABLE
Wini,Blight,1041428935,540 Swallow Alley,3923808934,Hystrix indica,,ENABLE
Charlot,Perrott,1737877156,12 Carberry Crossing,3366511626,Antilope cervicapra,,DISABLED
Shayne,Bingham,1931781281,12 Buell Center,3214904124,Ara macao,,ENABLE
Valle,Ludy,1287980056,19 Everett Court,3267720330,Panthera pardus,,DISABLED
Ranna,Bythell,1137234278,2682 Longview Pass,3596445546,Vulpes chama,,ENABLE
Rahal,Minnis,1912805281,90701 Maple Parkway,3160802045,Procyon cancrivorus,,DISABLED
Tiffany,Synke,1115673358,461 Monument Plaza,3838582334,Tayassu tajacu,,DISABLED
Nevile,Balaisot,1930003954,84670 Jana Trail,3173237142,Zenaida asiatica,,DISABLED
Felicdad,Reinmar,1902484754,93085 Forster Place,3704405753,Cracticus nigroagularis,,ENABLE
Pail,Baake,1274117563,0 Mallard Circle,3347342053,Lophoaetus occipitalis,,ENABLE
Bradford,Applewhaite,1096263550,22 Westport Court,3622771902,Varanus sp.,,ENABLE
Darelle,Brognot,1032509253,9 Clemons Hill,3922624083,Dasyurus maculatus,,DISABLED
Ruy,Tompion,1573134266,76605 Hanson Court,3395700191,Macropus giganteus,,ENABLE
Thaxter,Facchini,1365111289,7 Oneill Court,3374695901,Drymarchon corias couperi,,ENABLE
Camille,Rosbrough,1631311245,910 Daystar Lane,3657190087,Ornithorhynchus anatinus,,DISABLED
Sonni,MacCaughen,1852927797,865 Spohn Drive,3027363315,Eolophus roseicapillus,,ENABLE
Elisa,Whifen,1899577383,43681 Grasskamp Place,3795998641,Caiman crocodilus,,ENABLE
Lindie,Tesauro,1331660587,88 Maywood Pass,3616325172,Echimys chrysurus,,ENABLE
Candi,Pleasance,1867137904,68 Sloan Drive,3066791213,Nucifraga columbiana,,DISABLED
Solly,Remmer,1533571759,03971 Vahlen Hill,3637183968,Sterna paradisaea,,DISABLED
Mela,Mattei,1261881141,3805 Pine View Lane,3647863212,Threskionis aethiopicus,,DISABLED
Daphna,MacLardie,1121778616,0 Ridgeway Alley,3535188617,Oxybelis fulgidus,,DISABLED
Oneida,Moorton,1863702481,77 Fulton Street,3461638947,Damaliscus lunatus,,DISABLED
Westleigh,Stripp,1160565966,75846 Reindahl Lane,3887935979,Agama sp.,,DISABLED
Kelwin,Mowett,1347657803,3 Hoffman Crossing,3849740520,Odocoileus hemionus,,ENABLE
Abbey,Liddell,1049261810,4817 Clyde Gallagher Way,3185449893,Mazama gouazoubira,,ENABLE
Lauryn,Gawith,1114032610,92 Magdeline Trail,3711977963,unavailable,,DISABLED
Ashby,Coffey,1205095515,8425 8th Court,3701139005,Cordylus giganteus,,ENABLE
Kalindi,Ambrosini,1980871776,1058 Eliot Plaza,3067538089,Scolopax minor,,DISABLED
Bliss,Anglim,1960462118,8 Meadow Vale Way,3102388624,Zalophus californicus,,ENABLE
Zora,Buney,1739939572,07087 Redwing Trail,3975356165,Anas bahamensis,,DISABLED
Mar,Stickley,1081471545,886 Westerfield Parkway,3670404973,Chionis alba,,ENABLE
Susanne,Torresi,1879975353,87572 Warbler Lane,3977170845,Anser anser,,DISABLED
Hadleigh,Hartmann,1848543740,9008 Westport Court,3244089011,Ciconia ciconia,,DISABLED
Bradford,Willers,1580294095,48904 Shoshone Center,3488420404,Bubalus arnee,,ENABLE
Ailsun,Spleving,1577498995,077 Dottie Terrace,3526817162,Stercorarius longicausus,,ENABLE
Bevvy,Wickmann,1011912513,412 Doe Crossing Center,3840221509,unavailable,,DISABLED
Delilah,Coit,1539745088,46 Nova Court,3162476366,Mephitis mephitis,,ENABLE
Lynsey,Casse,1340906322,163 Fordem Plaza,3061465822,Gyps bengalensis,,ENABLE
Bette,Winspire,1946947689,004 Melby Road,3256203318,Stenella coeruleoalba,,ENABLE
Nana,Cowope,1624397384,803 8th Road,3312740369,Boa constrictor mexicana,,DISABLED
Estella,Grandison,1317241589,2936 Dwight Avenue,3879294106,Buteo galapagoensis,,DISABLED
Nancy,Mountain,1130312686,6566 Troy Lane,3294475707,Columba livia,,ENABLE
Egbert,Pellant,1259598411,41 Marcy Pass,3254230239,Tamiasciurus hudsonicus,,ENABLE
Louie,Schole,1405551807,7 Monument Parkway,3777035414,Damaliscus dorcas,,ENABLE
Terrel,Antonnikov,1038249110,71 Menomonie Junction,3013554189,Proteles cristatus,,DISABLED
Emmie,Slemmonds,1794824897,6040 Washington Hill,3513625068,Phalaropus fulicarius,,ENABLE
Theodosia,Winsbury,1966900015,91 Lien Road,3011791130,Felis caracal,,DISABLED
Geraldine,Lynnett,1887920316,32134 Morningstar Park,3543267585,Eremophila alpestris,,ENABLE
Jeddy,Mowday,1716206957,984 Lakeland Court,3142216751,unavailable,,DISABLED
Ted,Wildish,1747206164,8642 Hollow Ridge Crossing,3051805311,Pycnonotus nigricans,,ENABLE
Theodosia,Rispen,1138108009,81027 Emmet Road,3677936692,Pseudalopex gymnocercus,,DISABLED
Dela,Fullerlove,1608272364,281 Acker Terrace,3072306773,Corvus albus,,ENABLE
Mireielle,Di Biasi,1399233107,24 Ohio Junction,3451300261,unavailable,,ENABLE
Johan,Daen,1130775984,99856 Moose Parkway,3460269549,Sciurus vulgaris,,DISABLED
Oswell,Grishakov,1089723781,4 Golf View Alley,3696472790,Meles meles,,DISABLED
Jephthah,Lob,1142642614,84 Summerview Court,3720728336,Uraeginthus angolensis,,DISABLED
Cathe,Fortie,1034864911,41 Lake View Park,3961462756,Paroaria gularis,,DISABLED
Cleopatra,Sign,1459905444,7113 Cordelia Pass,3497064705,Manouria emys,,ENABLE
Bourke,Tetther,1837243886,4573 Charing Cross Crossing,3177561546,Actophilornis africanus,,ENABLE
Niels,Dyhouse,1294204225,5 Florence Place,3623597425,Microcebus murinus,,DISABLED
Carmelia,Zamora,1643990596,1 Ludington Street,3479570916,Pteronura brasiliensis,,ENABLE
Tamra,Mangeot,1145315103,72356 Dexter Way,3018976062,Spermophilus lateralis,,ENABLE
Harriett,Tynemouth,1119799093,5117 Parkside Avenue,3335926865,Lorythaixoides concolor,,ENABLE
Sisile,Riccardi,1848199099,22615 Reindahl Street,3073767784,Tayassu tajacu,,DISABLED
Luella,Seilmann,1035940422,5429 Sunbrook Junction,3009587002,Colobus guerza,,ENABLE
Elvera,Varvara,1005917258,49224 Bowman Parkway,3866492670,Hyaena hyaena,,DISABLED
Owen,Lepard,1675335624,4025 Eagan Trail,3000166711,Eremophila alpestris,,DISABLED
Brandea,Sobieski,1135920500,3 Ridgeview Hill,3307049286,Coluber constrictor,,DISABLED
Cindy,Popplewell,1077773300,103 Prairieview Alley,3345983505,Kobus defassa,,DISABLED
Jada,Mateiko,1977530194,3 Forest Park,3792472289,Coluber constrictor foxii,,DISABLED
Ring,Rowsell,1272702762,84 Del Sol Road,3467398479,Naja haje,,ENABLE
Saba,Matessian,1143504263,634 Thackeray Terrace,3183588355,Geococcyx californianus,,DISABLED
Julina,Moreno,1680082145,99938 Debra Court,3432813432,Pitangus sulphuratus,,DISABLED
Lyndel,Hattiff,1500427590,0906 Vermont Avenue,3222011647,Dasypus novemcinctus,,ENABLE
Aubert,Maylor,1604167536,371 Morrow Park,3263017727,Zalophus californicus,,DISABLED
Germaine,Inworth,1422144780,312 Ridge Oak Court,3162839440,Cacatua galerita,,ENABLE
Zebedee,Chaffin,1209526083,05183 Russell Street,3043787757,Zosterops pallidus,,ENABLE
Kristyn,Kilfoyle,1599145931,8 Golden Leaf Circle,3921520488,Sciurus vulgaris,,DISABLED
Shari,Birdfield,1838994604,2398 Gina Trail,3218591261,Larus fuliginosus,,ENABLE
Elenore,Druery,1725802740,2 Bowman Avenue,3317356760,Plectopterus gambensis,,DISABLED
Leicester,Gilliland,1343323778,31 Melvin Circle,3452796093,Sylvicapra grimma,,DISABLED
Noll,McOmish,1811303885,790 Pleasure Park,3292958289,Chionis alba,,ENABLE
Giacomo,Riddle,1494693853,97 Mcguire Center,3168625384,Iguana iguana,,ENABLE
Edward,Bosma,1979711351,79274 Sachs Place,3913003257,Anitibyx armatus,,DISABLED
Leonelle,Harradine,1417443312,49375 Springs Drive,3301086029,Phasianus colchicus,,DISABLED
Chaunce,Dax,1560299112,2607 Tomscot Lane,3526094020,Lutra canadensis,,ENABLE
Karna,Hawick,1788763103,54094 Nobel Pass,3021886372,Halcyon smyrnesis,,DISABLED
Perice,Keddie,1657268498,816 Scott Plaza,3973319809,Macaca nemestrina,,DISABLED
Jamaal,Gaynes,1875094187,7 Truax Park,3647923744,Eubalaena australis,,DISABLED
Chery,Etherton,1334996911,929 Ridge Oak Pass,3478976761,Merops bullockoides,,DISABLED
Ariel,Rubanenko,1351013003,39092 Mccormick Court,3124495314,Plectopterus gambensis,,DISABLED
Chrissy,Dowe,1383741403,49 Waxwing Court,3849278001,Anthropoides paradisea,,ENABLE
Selig,Alster,1612099450,56427 Manitowish Alley,3261114843,Macaca mulatta,,ENABLE
Lind,Flacknoe,1588073751,229 Meadow Valley Avenue,3615498800,Phalacrocorax brasilianus,,ENABLE
Oneida,Earthfield,1075011317,9 Chive Avenue,3671295934,Mazama gouazoubira,,DISABLED
Viole,Tithecott,1664786721,739 Sundown Street,3587969035,Francolinus coqui,,DISABLED
Kellia,Guillon,1081287095,721 Talmadge Court,3402838557,Redunca redunca,,ENABLE
Traci,Hadley,1336531733,2 Bashford Parkway,3240388695,Bucephala clangula,,DISABLED
Kendal,Brenard,1747669008,4636 Grasskamp Avenue,3905097100,Equus hemionus,,DISABLED
Briana,Crawcour,1646937039,08 Bonner Hill,3329109238,Damaliscus lunatus,,DISABLED
Tedie,Karpol,1442829822,8750 Grasskamp Place,3100406016,Larus fuliginosus,,ENABLE
Lance,Latore,1115787923,7545 Kedzie Crossing,3586477080,Carduelis uropygialis,,DISABLED
Alair,Guinery,1575339968,57 Namekagon Way,3991794242,Ninox superciliaris,,DISABLED
Lemar,Kohlerman,1679095977,405 Nova Trail,3475279134,Merops bullockoides,,ENABLE
Rhona,Tutchener,1482135375,3 Erie Street,3794065847,Lemur fulvus,,ENABLE
Cammi,Philip,1080714001,73387 Lerdahl Junction,3308604818,Marmota flaviventris,,ENABLE
Karla,Hubbock,1896012264,57582 Declaration Alley,3890199576,Agouti paca,,DISABLED
Carlyn,Tremayne,1282205943,8946 Commercial Alley,3715195649,Delphinus delphis,,ENABLE
Katerine,Archibold,1034452416,413 Buena Vista Park,3167299559,Larus fuliginosus,,DISABLED
Alikee,Lalevee,1243633288,059 Thackeray Crossing,3232819644,Cathartes aura,,DISABLED
Taite,Bausor,1328957839,290 Northwestern Parkway,3377157029,Phalaropus lobatus,,DISABLED
Doro,Ropcke,1207793964,51997 Parkside Street,3663017395,Pelecans onocratalus,,ENABLE
Page,Fieller,1276674741,6183 Dakota Way,3702307922,Anastomus oscitans,,DISABLED
Dulci,Coakley,1817898216,623 Daystar Road,3828626925,Microcebus murinus,,DISABLED
Lyn,Hein,1450215022,1282 Oriole Way,3111749782,Passer domesticus,,DISABLED
Symon,Dyball,1521740469,154 Kim Point,3901770509,Pelecanus occidentalis,,DISABLED
Rana,Tullot,1670498826,3 Ridgeview Circle,3209318136,Naja nivea,,DISABLED
Nadine,Caneo,1564829871,5 Warner Park,3167657548,Butorides striatus,,DISABLED
Reube,Twaite,1375964859,29078 Fairfield Way,3292282768,Phaethon aethereus,,ENABLE
Chevalier,Levane,1788928899,7 Killdeer Pass,3506829156,Psophia viridis,,ENABLE
Ferguson,Teaze,1532605928,104 Sachs Lane,3736483082,Dasyprocta leporina,,ENABLE
Dynah,Ingerman,1485395584,038 Texas Alley,3437058387,Phoeniconaias minor,,ENABLE
Fredelia,Streater,1368346853,578 Autumn Leaf Center,3095946960,Phascogale tapoatafa,,DISABLED
Devonne,Guerin,1368760043,444 Boyd Alley,3780332891,Eolophus roseicapillus,,DISABLED
Anetta,MacAindreis,1717806105,69381 Kedzie Place,3839512171,Limnocorax flavirostra,,DISABLED
Sapphira,Brill,1548314888,182 Transport Lane,3452800580,Microcebus murinus,,DISABLED
Cyndi,Jarmyn,1578311906,3 Pierstorff Drive,3952927237,Semnopithecus entellus,,DISABLED
Dino,Dounbare,1301242003,21 Redwing Avenue,3352542250,Dicrostonyx groenlandicus,,ENABLE
Darleen,Mangeot,1692548392,023 Luster Lane,3920421062,Manouria emys,,ENABLE
Danella,Seiller,1914088092,64 Helena Alley,3298041788,Lutra canadensis,,DISABLED
Christie,Ivoshin,1115894645,8 Crest Line Center,3357631529,Spermophilus armatus,,DISABLED
Ronna,McGinnell,1759496273,93 Lukken Crossing,3269513620,Bubalus arnee,,ENABLE
Gillan,Aron,1915642580,72437 Northwestern Drive,3559563326,unavailable,,DISABLED
Falito,Swanson,1981224040,66633 Jay Parkway,3385807072,Grus rubicundus,,DISABLED
Cherice,Haddick,1778425488,936 5th Trail,3200355821,Coluber constrictor foxii,,ENABLE
Nilson,Perez,1939354073,98 New Castle Drive,3756774494,Chloephaga melanoptera,,DISABLED
Katya,Hinze,1807392391,7 Lunder Junction,3581367521,Phoca vitulina,,DISABLED
Chelsy,Reddyhoff,1048330527,42 Oneill Center,3700917040,Kobus leche robertsi,,DISABLED
Cesare,De Cleen,1025716188,759 Trailsway Way,3453463603,Meles meles,,DISABLED
Lincoln,Abrahm,1311431465,02789 Cardinal Street,3579380974,Ploceus rubiginosus,,ENABLE
Ignatius,Haistwell,1172523466,9 Dixon Lane,3341210974,Marmota caligata,,ENABLE
Nicky,Prestidge,1423541127,53 Bayside Crossing,3968601519,Phalacrocorax varius,,DISABLED
Josey,Cicconettii,1799083025,32867 Montana Place,3108218349,Salvadora hexalepis,,ENABLE
Raddie,Valentinuzzi,1713211758,58310 Lakeland Point,3094808448,Aonyx capensis,,ENABLE
Elysee,Astley,1781217996,0317 Claremont Lane,3590203471,Spheniscus mendiculus,,DISABLED
Coreen,Dacombe,1467295013,1 Hoffman Hill,3978138479,Nyctanassa violacea,,ENABLE
Bart,Tink,1474358017,8 Maryland Center,3401482043,Amblyrhynchus cristatus,,ENABLE
Jeanna,Pert,1036340763,222 Hoepker Plaza,3890124999,Cochlearius cochlearius,,DISABLED
Ronnica,Spellard,1093250564,2397 Coolidge Alley,3236696400,Drymarchon corias couperi,,DISABLED
Roma,Febry,1064029109,1 Heath Way,3470403102,Limnocorax flavirostra,,ENABLE
Kerrill,Sussams,1996636531,0069 Spohn Trail,3374755948,Corvus brachyrhynchos,,DISABLED
Lilia,Herkess,1899353549,4523 Valley Edge Crossing,3378333601,Cygnus buccinator,,ENABLE
Hope,Jurick,1560299147,82711 Eastlawn Hill,3362737997,Macropus agilis,,ENABLE
Derril,Tuting,1456230322,37522 Northfield Circle,3654498405,Plegadis falcinellus,,ENABLE
Lemar,Du Plantier,1068865691,4170 Harbort Way,3929334696,Crotalus triseriatus,,DISABLED
Ollie,Blampied,1384698834,8 Florence Street,3310216219,unavailable,,ENABLE
Eirena,Guerro,1937427459,8313 Mcbride Road,3958907882,Melanerpes erythrocephalus,,DISABLED
Fidela,Instone,1361191450,3 Monument Avenue,3617135285,Boa caninus,,DISABLED
Corabella,Wixey,1498735105,5 Northland Junction,3114146204,Eurocephalus anguitimens,,ENABLE
Camala,Florio,1142386715,8 Katie Hill,3112618039,Geochelone radiata,,DISABLED
Salaidh,Hanaford,1255017161,5942 New Castle Junction,3014474807,Tiliqua scincoides,,ENABLE
Zulema,Rizzardo,1356845072,296 Rigney Center,3639926083,Centrocercus urophasianus,,ENABLE
Morgan,Oneal,1536699780,4 Jenifer Drive,3096555651,Varanus albigularis,,DISABLED
Doretta,Stanyan,1970614662,6 Shopko Street,3761019511,Laniarius ferrugineus,,DISABLED
Claude,Leeder,1067045602,71504 Basil Alley,3811506761,Uraeginthus granatina,,ENABLE
Trude,Koeppe,1990133002,06953 Raven Way,3279484077,Isoodon obesulus,,ENABLE
Lind,Matys,1328096712,964 Huxley Avenue,3274062338,Carduelis pinus,,DISABLED
Berne,McCloughen,1422203980,20 Goodland Point,3722188171,Laniarius ferrugineus,,DISABLED
Dale,Girdler,1893616367,514 Elka Park,3341819010,Cynictis penicillata,,ENABLE
Nanine,Bunyard,1800017482,036 Moland Center,3977602068,Tursiops truncatus,,ENABLE
Isabelita,Vasquez,1477320532,725 Hayes Place,3346988020,Ictonyx striatus,,ENABLE
Kathryne,Lyburn,1964160777,51 Lotheville Crossing,3686408366,Genetta genetta,,DISABLED
Claudetta,Lesor,1004292685,070 Red Cloud Circle,3282477828,Laniarius ferrugineus,,DISABLED
Herc,Worden,1693671300,2 Grover Drive,3155527868,Felis concolor,,ENABLE
Willamina,Wraith,1142326855,6 Grayhawk Plaza,3710676519,Mirounga angustirostris,,ENABLE
Roxane,Daily,1933537650,052 Mockingbird Court,3367743957,Chlamydosaurus kingii,,ENABLE
Jess,Ciobutaro,1083061126,098 Gerald Pass,3982709263,Haematopus ater,,DISABLED
Lenka,Littleover,1547369878,1 Sundown Junction,3961367708,Microcavia australis,,ENABLE
Elmer,Mechi,1479053989,44074 Summit Hill,3262488818,Eudyptula minor,,ENABLE
Salem,Dickons,1320067714,8630 Menomonie Crossing,3580395682,Gopherus agassizii,,DISABLED
Leonard,Hardin,1031660168,7 Sullivan Avenue,3711536658,Hippotragus equinus,,ENABLE
Ame,Reihill,1182688195,220 Petterle Place,3750618001,Aquila chrysaetos,,DISABLED
Livvyy,Fendt,1983012714,88236 Di Loreto Point,3932084316,Gymnorhina tibicen,,ENABLE
Tomas,Marwood,1707751787,1503 Raven Street,3163240113,Columba livia,,ENABLE
Alleyn,Klezmski,1242374949,0443 Rutledge Lane,3221100563,Coendou prehensilis,,ENABLE
Ulrikaumeko,Sivell,1767185025,30 Colorado Street,3555194432,Upupa epops,,ENABLE
Ailsun,Bushaway,1268517722,75640 Bonner Crossing,3334444256,Cabassous sp.,,ENABLE
Claire,Rowles,1179137069,1 Forest Dale Street,3274036905,Deroptyus accipitrinus,,ENABLE
Fernande,O'Loughlin,1745048209,2 Ronald Regan Center,3400584678,Cervus duvauceli,,ENABLE
Martino,Mogford,1187077861,651 David Terrace,3688350323,Lamprotornis chalybaeus,,DISABLED
Priscilla,Graeber,1567735130,953 Delladonna Terrace,3797574475,Pituophis melanaleucus,,ENABLE
Corella,Mankor,1071315912,77280 Kinsman Circle,3344560350,Taxidea taxus,,ENABLE
Carmelia,Fillgate,1268973261,8223 Golf Course Point,3483476500,Redunca redunca,,DISABLED
Rube,Duignan,1589802961,7784 Crest Line Crossing,3314286680,Dromaeus novaehollandiae,,DISABLED
Anderson,Swalwel,1608489911,7 Stoughton Way,3359288116,Pteronura brasiliensis,,ENABLE
Vladamir,Sibylla,1341549773,7336 Sullivan Park,3848459571,Laniarius ferrugineus,,DISABLED
Ryann,Buckston,1703586717,82324 Valley Edge Road,3636765999,Geochelone elephantopus,,DISABLED
Brandtr,Degnen,1822090377,5 Shoshone Alley,3215463845,Vanellus armatus,,ENABLE
Ashley,Whall,1425055649,4099 Lyons Way,3458874536,Naja haje,,DISABLED
Paten,Gregol,1512346153,91 Eastlawn Place,3945707388,Acridotheres tristis,,DISABLED
Moll,Sproul,1960159828,19693 Sugar Plaza,3081481837,Varanus salvator,,DISABLED
Silvester,Stormont,1416518402,50 Quincy Lane,3048435871,Geococcyx californianus,,DISABLED
Cynde,Mundle,1889193056,950 Onsgard Parkway,3229193504,Sarcophilus harrisii,,DISABLED
Mikael,Grimsell,1366141625,21627 Forest Run Circle,3052882702,Tiliqua scincoides,,DISABLED
King,Ineson,1616413590,0126 Lillian Plaza,3965997673,Lepus arcticus,,ENABLE
Janella,Perritt,1180789659,682 Carioca Road,3697106043,Acrantophis madagascariensis,,DISABLED
Rene,Lax,1841136687,147 Grayhawk Hill,3897955611,Hyaena brunnea,,DISABLED
Nickola,Lesser,1092973200,64 Park Meadow Parkway,3839231506,Geococcyx californianus,,ENABLE
Bryan,Paulus,1326699359,20 Hayes Drive,3305404854,Hyaena hyaena,,ENABLE
Yuma,Medcraft,1369396038,3196 Bashford Hill,3415295032,Paradoxurus hermaphroditus,,ENABLE
Wendye,Gilbertson,1407432691,0 Hanover Lane,3694392657,Panthera pardus,,DISABLED
Vernen,Giacobilio,1709182607,46773 Twin Pines Trail,3893331523,Phascogale tapoatafa,,ENABLE
Courtnay,Terbruggen,1782558130,42 Duke Pass,3921643397,Macaca radiata,,ENABLE
Chariot,Stratz,1963179843,4350 Kensington Park,3453954844,Corvus brachyrhynchos,,ENABLE
Thomas,Baelde,1944251836,65206 Annamark Center,3589948633,Eolophus roseicapillus,,ENABLE
Nester,Vokins,1036290888,52 Acker Terrace,3669729099,Merops bullockoides,,DISABLED
Francklin,Polkinghorne,1881115095,87828 Menomonie Point,3002799901,Lorythaixoides concolor,,ENABLE
Bert,Bakewell,1725588285,46 Ramsey Point,3949059199,Pteropus rufus,,DISABLED
Avigdor,Argile,1907872960,69 Pearson Avenue,3378650399,Macaca mulatta,,ENABLE
Emalia,Delgado,1755132125,0745 Vahlen Place,3650998457,Otaria flavescens,,ENABLE
Devonne,Roony,1522727821,07907 Melvin Crossing,3518876097,Marmota flaviventris,,DISABLED
Alana,Goldthorp,1478954454,88401 Cordelia Street,3503738541,Coluber constrictor foxii,,ENABLE
Juana,Northcote,1323893487,51 Hauk Place,3597737574,Crocuta crocuta,,ENABLE
Kris,Hamerton,1108614225,4 Melody Drive,3500753437,Egretta thula,,DISABLED
Gayla,Dand,1697775064,99 Bartelt Road,3664732732,unavailable,,DISABLED
Almeria,Sidney,1101588038,1036 Bartelt Place,3120929587,Halcyon smyrnesis,,ENABLE
Gail,Dealtry,1044148238,538 Rockefeller Pass,3873510867,Myrmecophaga tridactyla,,ENABLE
Cookie,Gummer,1281064955,1 Hermina Alley,3015310956,Eumetopias jubatus,,DISABLED
Juanita,Tebbit,1860818200,851 Graedel Way,3201891553,Pavo cristatus,,DISABLED
Celestyn,Lashbrook,1035949861,865 Crescent Oaks Trail,3647216690,Trichechus inunguis,,DISABLED
Aymer,Sedgeman,1096551277,32 Erie Crossing,3506731726,Eolophus roseicapillus,,ENABLE
Jemmy,Vail,1441821900,8361 Melby Junction,3121433251,Semnopithecus entellus,,DISABLED
Maurits,Danneil,1457232670,17589 Steensland Lane,3805311519,Geochelone radiata,,ENABLE
Pembroke,Skupinski,1421109302,5866 Lake View Plaza,3277368289,Mycteria leucocephala,,DISABLED
Georgine,Bonifazio,1035149055,954 Anniversary Drive,3291391837,Gyps fulvus,,DISABLED
Georgeta,Garrit,1852791674,2 Atwood Avenue,3560961182,Canis lupus,,ENABLE
Crystie,Grabeham,1610717150,790 Northfield Point,3652508583,Tockus flavirostris,,DISABLED
Lincoln,Madrell,1893861397,2 Macpherson Crossing,3065127554,Xerus sp.,,DISABLED
Demetra,Whiteside,1319467666,446 Crescent Oaks Junction,3081995537,Madoqua kirkii,,ENABLE
Nehemiah,Learoyde,1217812760,16839 Saint Paul Parkway,3297141704,Ciconia episcopus,,DISABLED
Imogen,Passe,1499956411,1429 School Road,3252111044,Leptoptilus dubius,,DISABLED
Shara,Sollam,1151089894,2 Gerald Place,3412263647,Bucephala clangula,,ENABLE
Traver,Arnoud,1183391404,10481 Dixon Terrace,3213899934,Ardea golieth,,DISABLED
Odey,Cardenas,1241105931,40346 Portage Alley,3374125970,Dasyurus viverrinus,,ENABLE
Dasi,Muckle,1171679780,0 East Trail,3532123263,Irania gutteralis,,ENABLE
Mollie,Charter,1404755381,26131 Butterfield Street,3219403299,Bugeranus caruncalatus,,DISABLED
Gusty,Mullin,1001755924,10 Roth Plaza,3173785702,Acrantophis madagascariensis,,DISABLED
Millie,Drillingcourt,1165704125,664 Vera Hill,3032355412,Tadorna tadorna,,ENABLE
Kittie,Cramb,1943856044,169 Glendale Circle,3744471647,Dicrurus adsimilis,,ENABLE
Willy,Truckell,1300760155,1 Eggendart Pass,3653437937,Meles meles,,ENABLE
Helge,Parsall,1536418914,56591 Fuller Way,3640819412,Kobus defassa,,ENABLE
Jefferson,Tallant,1304936312,928 Rowland Trail,3699013632,Otocyon megalotis,,ENABLE
Timmie,Drever,1712946432,1 Springview Circle,3985005892,Perameles nasuta,,DISABLED
Thorstein,Colegate,1925445615,4 Straubel Plaza,3322101904,Ratufa indica,,DISABLED
Sandro,Luigi,1843674158,75520 Sullivan Avenue,3508266127,Plocepasser mahali,,DISABLED
Fernanda,Kopelman,1052264050,3 Main Place,3333235103,Agkistrodon piscivorus,,DISABLED
Wheeler,Linkleter,1905763041,20148 Towne Center,3221218371,Alces alces,,ENABLE
Jillian,Clausen,1288103972,6 Schlimgen Road,3655970950,Corvus albicollis,,ENABLE
Carissa,Greenstock,1282310234,7421 Transport Junction,3704505912,Dipodomys deserti,,DISABLED
Karly,Ferrier,1818740385,93 Montana Terrace,3738002573,Chlidonias leucopterus,,ENABLE
Natal,Beggi,1788021990,50815 Pearson Court,3684181479,Butorides striatus,,ENABLE
Prentiss,Paddick,1992574604,514 Steensland Terrace,3688394577,Haliaetus vocifer,,ENABLE
John,Toward,1043697708,2 Reindahl Terrace,3620040276,Anthropoides paradisea,,ENABLE
Lilllie,De Marchi,1341242265,1299 Hazelcrest Park,3150274377,Didelphis virginiana,,ENABLE
Debi,Wharfe,1137585485,9179 Donald Alley,3665849461,Theropithecus gelada,,DISABLED
Mahmoud,Flory,1532143854,4001 Pearson Terrace,3326283100,Ursus americanus,,ENABLE
Karita,Linnemann,1613454114,17 Mallard Place,3097471640,Salvadora hexalepis,,DISABLED
Olly,Bowlas,1777504834,9262 American Hill,3936367784,Papio ursinus,,DISABLED
Alvie,Langan,1779416228,3331 Walton Lane,3694847723,Uraeginthus granatina,,DISABLED
Anissa,Widdocks,1305512971,6742 Del Sol Terrace,3874188964,Aonyx cinerea,,DISABLED
Dagny,Kluge,1517915580,3686 Armistice Crossing,3491970390,Macaca fuscata,,DISABLED
Rolf,Collumbine,1304437696,774 Debs Point,3969053083,Himantopus himantopus,,ENABLE
Adria,Brandt,1255943239,2292 Hintze Plaza,3280258697,Felis silvestris lybica,,DISABLED
Filippa,Hadgraft,1377294054,234 Mallard Terrace,3172271540,Tamandua tetradactyla,,DISABLED
Putnem,Azema,1073427952,36 Mitchell Hill,3461728079,Grus canadensis,,DISABLED
Nerita,Le Grice,1885705480,8 Sloan Park,3035081003,Dendrohyrax brucel,,DISABLED
Jeromy,Pharrow,1560361721,54 Tennessee Trail,3711142567,Phalacrocorax brasilianus,,ENABLE
Lydon,Olfert,1026204603,408 Morning Court,3694963988,Tockus erythrorhyncus,,DISABLED
Bryce,Keeves,1639770746,780 Linden Center,3683950363,Chordeiles minor,,ENABLE
Urban,Livermore,1019626341,0679 Carey Way,3967323571,Phoenicopterus chilensis,,DISABLED
Bernette,Dudmesh,1312312258,6 Eagle Crest Trail,3391822819,Psophia viridis,,DISABLED
Bel,Chalkly,1927720324,187 Forster Street,3008390088,Paradoxurus hermaphroditus,,DISABLED
Bertrando,Chellam,1189798907,9 Sugar Road,3139711741,Aonyx cinerea,,DISABLED
Ethelred,Pippard,1178073326,824 Esch Park,3954614322,Petaurus norfolcensis,,ENABLE
Demetri,Jaffrey,1170529281,9110 Doe Crossing Court,3906585603,Grus rubicundus,,ENABLE
Jyoti,Denver,1845009306,85 Veith Center,3670148009,Bucorvus leadbeateri,,ENABLE
Franni,Lutas,1555515107,9 Ridgeview Avenue,3819305653,Petaurus breviceps,,ENABLE
Basia,Whitty,1050094414,4 Grayhawk Drive,3590521398,Charadrius tricollaris,,DISABLED
Myrah,Nesbeth,1817394827,5929 Grasskamp Park,3656864184,Spermophilus lateralis,,ENABLE
Olympe,Gummery,1424436763,21835 Becker Way,3142109742,unavailable,,ENABLE
Hermine,Colliar,1529641300,59736 Mesta Circle,3333206018,Gazella thompsonii,,ENABLE
Loni,Robe,1396117247,54 John Wall Junction,3672258749,Canis lupus,,ENABLE
Bobbie,O' Neligan,1144727006,57654 Doe Crossing Alley,3166484644,Myiarchus tuberculifer,,ENABLE
Rufus,Scutts,1606693679,28 Scott Hill,3849041056,Climacteris melanura,,DISABLED
Bruis,Lawlings,1215318186,924 Thierer Court,3685361248,Haliaetus vocifer,,DISABLED
Wanids,Keefe,1230072724,48175 Valley Edge Pass,3949384424,Pycnonotus nigricans,,ENABLE
Tiphanie,O'Mahoney,1327217301,11 Rockefeller Plaza,3239442264,Microcavia australis,,DISABLED
Jeanine,Trippitt,1936175917,35302 Gale Alley,3215213943,Merops nubicus,,DISABLED
Aimee,Francino,1831626760,7844 Pepper Wood Plaza,3764569564,Carphophis sp.,,DISABLED
Felicity,Lipyeat,1422043045,167 Quincy Crossing,3616873495,Eremophila alpestris,,ENABLE
Dorolisa,Manford,1079255118,116 Bartillon Point,3036587926,Eremophila alpestris,,ENABLE
Trixi,McLucas,1262954958,38 Judy Junction,3319570454,Mycteria ibis,,DISABLED
Claudius,Hawkin,1823876523,37606 Mesta Terrace,3515293234,Dromaeus novaehollandiae,,ENABLE
Chiarra,Fowley,1832186472,58 Nevada Junction,3503419430,Trichosurus vulpecula,,ENABLE
Muffin,Allpress,1330336041,417 Petterle Center,3833003449,Lemur catta,,ENABLE
Sibella,MacClure,1550156481,68140 Bellgrove Drive,3853993976,unavailable,,ENABLE
Monti,Wortley,1917587159,7898 Lunder Junction,3283405166,Lasiodora parahybana,,DISABLED
Marguerite,Mathys,1324011798,6 Westend Drive,3671706602,Haliaeetus leucocephalus,,DISABLED
Ardelis,O'Bradden,1430562078,1 Larry Court,3632380050,Tenrec ecaudatus,,ENABLE
Niel,Surgener,1367471043,37 Eastwood Street,3422221454,Meles meles,,DISABLED
Evita,Drohane,1228561214,86 Oak Avenue,3492969526,Meles meles,,ENABLE
Nance,Dyson,1598430036,721 Roth Alley,3037013975,Bucephala clangula,,ENABLE
Germain,Vamplers,1102449506,105 Meadow Valley Crossing,3683237599,Larus fuliginosus,,ENABLE
Otis,Crummay,1798129860,3 Randy Crossing,3968025687,Ctenophorus ornatus,,DISABLED
Wiley,Sieve,1719522005,70 Towne Circle,3085853484,Pavo cristatus,,DISABLED
Kaye,Whorlton,1470196632,0 Nobel Pass,3456420953,Spizaetus coronatus,,ENABLE
Blanch,Braim,1292684439,4 Eastlawn Point,3507818459,Bucorvus leadbeateri,,DISABLED
Reta,Iskov,1368656276,27773 Buhler Place,3818269886,Marmota monax,,ENABLE
Jasmine,Poundford,1659451354,006 Meadow Valley Avenue,3266289327,Panthera pardus,,DISABLED
Fraser,Laurenzi,1447768562,962 Graceland Road,3393761456,Crotalus cerastes,,ENABLE
Billye,Hardistry,1565247436,5 Starling Alley,3398402859,Ara ararauna,,DISABLED
Anabelle,Flory,1402969563,32 Eggendart Plaza,3699763751,Callipepla gambelii,,ENABLE
Sher,Lavers,1772564876,79 Bashford Lane,3796605801,Bucephala clangula,,ENABLE
Stevy,Knightsbridge,1543283792,754 Hanson Drive,3376776490,Physignathus cocincinus,,DISABLED
Angeli,Bachshell,1617716086,70072 Warbler Park,3247417500,Lycaon pictus,,DISABLED
Alessandro,Louiset,1789101604,10611 Toban Junction,3313221069,Toxostoma curvirostre,,ENABLE
Lexi,Barthrop,1288859659,10 Pankratz Avenue,3708393190,Streptopelia decipiens,,ENABLE
Kiri,Ebden,1692735767,0 Eggendart Pass,3548412629,Ara ararauna,,ENABLE
Miller,Pavlenkov,1411681317,681 Westridge Place,3232893862,Terathopius ecaudatus,,DISABLED
Vince,Bevis,1301759291,2 Dryden Court,3579732852,Trachyphonus vaillantii,,DISABLED
Herby,Kinane,1531596354,24 Mosinee Road,3300649398,Tamandua tetradactyla,,DISABLED
Lonee,Bernhart,1175803306,54 Hoepker Trail,3966770519,Pedetes capensis,,DISABLED
Jorry,Esselen,1107988339,657 Myrtle Junction,3536298745,Macropus agilis,,DISABLED
Marie,Tilney,1890489227,18 Nova Pass,3563854032,Felis pardalis,,ENABLE
Malissia,Desporte,1586515973,37098 Pleasure Circle,3591308324,Varanus sp.,,ENABLE
Jeannine,Peaddie,1004475259,5 Springs Circle,3602075662,Zalophus californicus,,ENABLE
Niki,McLeoid,1164571939,23 Forest Dale Center,3961017577,Pandon haliaetus,,DISABLED
Hildagarde,Eby,1042886496,9 Ruskin Plaza,3518285566,Tamiasciurus hudsonicus,,DISABLED
Grant,Mapowder,1784384320,5 Schmedeman Circle,3132526142,Ovis canadensis,,DISABLED
Whittaker,Tincey,1630482454,394 Sloan Junction,3709507000,Merops nubicus,,ENABLE
Brooke,Wear,1994722939,83854 Walton Point,3649968150,Varanus komodensis,,DISABLED
Jeanie,Porson,1375554553,60133 Del Mar Parkway,3424889674,Trachyphonus vaillantii,,DISABLED
Shaylah,Blench,1114609874,506 Colorado Plaza,3289688757,Ursus americanus,,ENABLE
Zsazsa,Petracek,1885592369,31 Helena Trail,3369583353,Naja haje,,ENABLE
Ali,Boshers,1028695071,38775 Birchwood Parkway,3828248210,Corvus brachyrhynchos,,DISABLED
Sadie,Seer,1078709110,204 Bashford Hill,3101809222,Chordeiles minor,,DISABLED
Sybila,Ebbotts,1040470573,667 Wayridge Hill,3510622938,Ceryle rudis,,ENABLE
Allison,Kitchaside,1253233552,8817 Rockefeller Plaza,3851495353,Ovis ammon,,ENABLE
Boris,Campana,1204785094,9751 Vermont Lane,3973816189,Ardea cinerea,,ENABLE
Twyla,Hanhardt,1851725912,005 Birchwood Drive,3250719697,Porphyrio porphyrio,,DISABLED
Harlin,De Paoli,1648261855,91 Logan Road,3044680099,Neotis denhami,,ENABLE
Paco,Petrelluzzi,1825749739,363 Anhalt Point,3176379689,Fratercula corniculata,,DISABLED
Delia,Reith,1574834715,09 Grasskamp Crossing,3602846107,unavailable,,DISABLED
Allys,Hardman,1132517613,9572 Golden Leaf Drive,3134106535,Coluber constrictor,,DISABLED
Em,Quincey,1915230010,63102 Kensington Pass,3512828452,Felis chaus,,ENABLE
Mady,Greenwood,1079910677,39956 Reindahl Drive,3947953579,Trachyphonus vaillantii,,ENABLE
Fleur,Newell,1677890190,34152 Forest Dale Way,3006066450,Odocoilenaus virginianus,,DISABLED
Marrilee,Cruddas,1872266373,0 Iowa Parkway,3557004197,Varanus sp.,,ENABLE
Sax,Saltsberg,1404238754,688 Annamark Way,3658975892,Streptopelia senegalensis,,ENABLE
Eleanore,Robbs,1698745140,6357 Cherokee Avenue,3649110307,Manouria emys,,ENABLE
Cassandry,Piggford,1148861875,7 Corben Alley,3404943841,Passer domesticus,,DISABLED
Walker,Loughlin,1590621863,52861 Red Cloud Road,3541154516,Manouria emys,,ENABLE
Calla,Crumby,1330696266,45415 Holmberg Pass,3418041955,Papilio canadensis,,DISABLED
Beverlie,Esilmon,1388956812,008 Goodland Hill,3363649588,Nyctereutes procyonoides,,ENABLE
Lindon,Ragbourne,1764739138,43 Scott Hill,3979504760,Mungos mungo,,DISABLED
Elinor,Aldred,1089078149,77 Forster Alley,3464864666,Bassariscus astutus,,ENABLE
Hildagard,Rosevear,1030061267,40150 Emmet Center,3071751313,Chauna torquata,,ENABLE
Dionne,Guenther,1962675090,43907 Continental Trail,3647834064,Papio cynocephalus,,ENABLE
Madelaine,Mulvy,1679419992,949 Crowley Avenue,3087519922,Bubalus arnee,,DISABLED
Floria,Pettman,1479706534,31110 Shoshone Hill,3697983003,Deroptyus accipitrinus,,DISABLED
Jemimah,Ronca,1231486806,395 Warbler Way,3833261825,Rhea americana,,DISABLED
Danell,Nesbeth,1015280894,0878 Algoma Street,3007606426,Sarcophilus harrisii,,DISABLED
Elmo,Innwood,1425000095,194 Mayer Place,3618973486,Marmota caligata,,DISABLED
Hatty,Poacher,1016504447,78 Melvin Drive,3497221129,Streptopelia decipiens,,DISABLED
Selia,Bruna,1671961889,840 Katie Street,3578941457,Antechinus flavipes,,ENABLE
Niels,McEntegart,1745915310,3270 Vahlen Parkway,3156983051,Taurotagus oryx,,ENABLE
Torre,Fieldhouse,1170873667,1 Hintze Alley,3351122472,Stercorarius longicausus,,DISABLED
Domini,Fearnyhough,1390714292,03 Truax Trail,3893909044,Anastomus oscitans,,ENABLE
Kennith,Jickells,1434984508,02 Cascade Court,3201803600,Paradoxurus hermaphroditus,,ENABLE
Laverne,Rizzone,1779387628,416 Schiller Terrace,3607276630,Redunca redunca,,ENABLE
Hilliard,Glawsop,1025275578,27491 Elgar Alley,3703025946,Macaca mulatta,,DISABLED
Binni,Onn,1134051919,31944 Southridge Road,3926533763,Helogale undulata,,DISABLED
Anet,Abrahamowitcz,1274676297,28055 Leroy Point,3512566782,Rhea americana,,DISABLED
Morse,Hearsum,1796783306,8 Pond Avenue,3832577166,Anitibyx armatus,,DISABLED
Corabel,Cassy,1789965625,2746 Lakewood Gardens Alley,3133661672,Canis aureus,,DISABLED
Fredrika,Furney,1438933834,6293 Clarendon Point,3152608962,Dendrohyrax brucel,,DISABLED
Molli,Bletsor,1921260745,2922 Morning Drive,3528412383,Dasyurus viverrinus,,ENABLE
Temp,Phillcox,1207214098,83 Dorton Hill,3572086112,Spermophilus richardsonii,,ENABLE
Imelda,Young,1352948091,15 Melody Road,3771282649,Alopochen aegyptiacus,,ENABLE
Melodee,Waterhowse,1487640527,0010 Grasskamp Hill,3979408559,Laniarius ferrugineus,,DISABLED
Bonnibelle,Bassingham,1580952822,83 Veith Trail,3974605303,Creagrus furcatus,,DISABLED
Sherwin,Rigolle,1332441228,311 Melrose Place,3149555300,Isoodon obesulus,,DISABLED
Dorella,Sander,1043508709,11541 Anniversary Place,3917726837,Leprocaulinus vipera,,ENABLE
Gus,Inge,1011689732,84 Goodland Park,3154717545,Cervus duvauceli,,DISABLED
Nixie,MacGiany,1817567866,5 Toban Drive,3178794972,Bos mutus,,DISABLED
Cyndia,Grebert,1657492636,683 Gerald Way,3853150731,Ammospermophilus nelsoni,,ENABLE
Wally,Yuranovev,1137880477,2 Donald Pass,3977545787,Arctogalidia trivirgata,,ENABLE
Bobinette,Klimczak,1615934099,03234 Oak Lane,3267346238,Cochlearius cochlearius,,ENABLE
Maridel,Trickey,1449569431,360 Emmet Lane,3219191819,Thylogale stigmatica,,DISABLED
Thorsten,Fulun,1266663011,26 Hollow Ridge Alley,3702899477,Myotis lucifugus,,DISABLED
Benn,Tanswill,1013493126,58 Oneill Hill,3337310121,Phalacrocorax varius,,ENABLE
Marijo,Skaife d'Ingerthorpe,1800866515,1 Nevada Center,3808999475,Conolophus subcristatus,,DISABLED
Krishnah,Lorenzini,1997011697,5 Amoth Center,3299683634,Neotis denhami,,ENABLE
Hercules,Weldrick,1054179461,2309 Kennedy Avenue,3835738292,Ephippiorhynchus mycteria,,DISABLED
Vyky,Osmon,1830870411,7588 Steensland Hill,3627058686,Ciconia episcopus,,DISABLED
Agnella,MacDougall,1164397476,519 Daystar Court,3795628784,Naja sp.,,ENABLE
Enrico,Johann,1448836238,6152 Crowley Way,3517907446,Phascogale calura,,ENABLE
Bink,Jakoubek,1861327272,985 Butternut Terrace,3108910907,Axis axis,,DISABLED
Elladine,Pariso,1554271194,351 Hallows Junction,3536490458,Hyaena hyaena,,ENABLE
Farah,Bremeyer,1169397134,98 Old Gate Plaza,3619599884,Tachyglossus aculeatus,,ENABLE
Andie,Elgram,1317000164,3556 Dryden Trail,3267706949,Paraxerus cepapi,,ENABLE
Hansiain,Attard,1947250366,8 Northland Lane,3512503710,Coendou prehensilis,,DISABLED
Jodi,Mc Ilwrick,1841558379,57845 Melby Junction,3680712060,Leptoptilos crumeniferus,,ENABLE
Dory,Drowsfield,1264663487,3180 Cambridge Plaza,3684186919,Chlidonias leucopterus,,DISABLED
Preston,Jaze,1447163090,3 Colorado Crossing,3779062851,Calyptorhynchus magnificus,,DISABLED
Loralyn,McColl,1777742724,3847 Trailsway Road,3874442813,Acrobates pygmaeus,,ENABLE
Kelli,Pickles,1074052047,0458 Laurel Court,3162468757,Ovis canadensis,,ENABLE
Ed,Betterton,1765689409,6 Vernon Drive,3689540240,Papio ursinus,,DISABLED
Cleavland,Wilmore,1934929704,96338 Birchwood Alley,3286981405,Nyctea scandiaca,,DISABLED
Beitris,Torbard,1413729517,07 Cordelia Court,3645460331,Marmota flaviventris,,DISABLED
Demetre,Townshend,1721571144,6754 Spenser Plaza,3348482071,Phalaropus lobatus,,ENABLE
Gard,Dryden,1387275018,97948 Fremont Alley,3207838128,Coluber constrictor,,ENABLE
Johannah,Bayne,1197462728,1 South Place,3165596276,Dasypus novemcinctus,,DISABLED
Derick,Chomicz,1345750795,8680 Sunfield Alley,3271469874,Coendou prehensilis,,ENABLE
Odell,Rodder,1870486115,82698 Kedzie Place,3859208412,Naja nivea,,DISABLED
Ned,Southard,1666244089,7424 Holmberg Park,3862898183,Merops nubicus,,ENABLE
Fara,Guiot,1445109700,475 Starling Alley,3168623210,Zenaida galapagoensis,,ENABLE
Evan,Medlin,1859245341,20 Claremont Parkway,3168396880,Tachybaptus ruficollis,,ENABLE
Gram,Martland,1999233091,81 Basil Plaza,3451815588,Lycosa godeffroyi,,DISABLED
Gerick,Teresa,1981853789,60011 Gulseth Point,3989284620,Sarcophilus harrisii,,ENABLE
Camella,Plunkett,1175846785,0 Sherman Plaza,3899991580,Iguana iguana,,DISABLED
Berkeley,Blanchet,1726879673,6652 Bluestem Place,3729948795,Ara ararauna,,DISABLED
Stephanie,Dooley,1397335775,27209 Carioca Junction,3210190839,Laniaurius atrococcineus,,ENABLE
Say,Swinnerton,1568011330,01942 Hansons Lane,3457789516,Macropus rufogriseus,,DISABLED
Charis,Wimpey,1376967906,9086 Ridgeway Trail,3537700252,Ursus americanus,,DISABLED
Aridatha,Wrightson,1009365446,3577 Rockefeller Avenue,3132218357,Dendrohyrax brucel,,DISABLED
Allianora,MacRierie,1414659738,0 Fremont Terrace,3682743285,Coendou prehensilis,,ENABLE
Flss,Backs,1484632363,6 Susan Court,3599058209,Haliaetus vocifer,,ENABLE
Courtney,Bussen,1432837957,9 Steensland Circle,3535365010,Oreotragus oreotragus,,DISABLED
Charmian,Rumble,1092746853,7 Morningstar Street,3830544733,Echimys chrysurus,,ENABLE
Hashim,Lemerie,1205075438,9 High Crossing Avenue,3865746893,Alligator mississippiensis,,ENABLE
Darla,O'Teague,1944809521,7 Scott Place,3304794621,Tragelaphus strepsiceros,,DISABLED
Kit,Slowan,1618329375,91 Cambridge Court,3770126504,Climacteris melanura,,ENABLE
Curry,Peak,1322674532,9 Merchant Road,3952773832,Ceratotherium simum,,DISABLED
Timothea,Richly,1889979522,7 Bartelt Court,3480785466,Papio cynocephalus,,DISABLED
Kenn,Shropshire,1813131001,3212 Browning Terrace,3357443500,Francolinus leucoscepus,,DISABLED
Lorene,Bugden,1473279138,02 Nancy Lane,3706975760,Eubalaena australis,,DISABLED
Caren,Pothecary,1202672432,44589 Helena Terrace,3432820089,unavailable,,DISABLED
Boniface,Surgen,1295233139,67803 Sauthoff Trail,3481131891,Nasua nasua,,ENABLE
Alastair,Biagini,1317516234,786 Muir Crossing,3781150909,Echimys chrysurus,,ENABLE
Jacqueline,De Ferraris,1145807682,891 Ruskin Trail,3310633280,Lamprotornis nitens,,DISABLED
Greta,Guidini,1418487652,6 Charing Cross Trail,3197531078,Numida meleagris,,DISABLED
Gerard,Vouls,1040930828,9508 Erie Pass,3385350485,Larus sp.,,DISABLED
Ignatius,Heathfield,1247549780,35329 Sage Junction,3526860951,Colobus guerza,,ENABLE
Odele,Prowse,1771767561,49245 Logan Road,3624092233,Ardea golieth,,DISABLED
Meryl,Cestard,1799319979,1 Alpine Pass,3828847726,Globicephala melas,,ENABLE
My,Maypole,1648302830,7 Columbus Lane,3610723574,Tamiasciurus hudsonicus,,DISABLED
Frankie,Headan,1406408253,9 Sloan Street,3097059390,Acrobates pygmaeus,,DISABLED
Bertrando,Hallwell,1297507019,5 Morning Junction,3979332299,Hyaena hyaena,,DISABLED
Flynn,Mc Giffin,1911801937,62981 Bunker Hill Alley,3960951762,Bassariscus astutus,,ENABLE
Dorthy,Keavy,1634919170,0327 Mcguire Circle,3031920211,Ovis orientalis,,DISABLED
Deana,Shaefer,1216193466,565 Warbler Junction,3099096052,Dasypus novemcinctus,,ENABLE
Layton,Sheppard,1521166881,1342 Fairfield Hill,3266015767,Chloephaga melanoptera,,ENABLE
Jammal,Rudgley,1690032888,36443 Florence Plaza,3689689116,Ara macao,,ENABLE
Hugibert,Postan,1076577466,520 2nd Junction,3604160281,Hymenolaimus malacorhynchus,,DISABLED
Devonne,Stogill,1402527271,1830 Fremont Pass,3079373028,Hippotragus niger,,ENABLE
Vito,Cristofaro,1097436728,770 Calypso Junction,3587871223,Oryx gazella callotis,,ENABLE
Tobias,Knapp,1189675520,23 Knutson Drive,3423629789,Bubulcus ibis,,ENABLE
Melonie,Marshman,1897499150,3 Fremont Circle,3133795031,unavailable,,DISABLED
Andres,Coverdill,1649821658,094 Oriole Place,3341671809,Redunca redunca,,ENABLE
Steward,Slogrove,1050922915,3940 Swallow Hill,3107560294,Crotaphytus collaris,,ENABLE
Lorant,Trimming,1012976696,88 Ohio Circle,3029238932,Nycticorax nycticorax,,DISABLED
Kora,Aysik,1689320156,8 Sunfield Center,3096734986,Cervus canadensis,,DISABLED
Bran,Mobbs,1988497783,014 Eastlawn Park,3508212346,Ictonyx striatus,,DISABLED
Alfie,Cuncarr,1998791057,79682 Swallow Alley,3448352017,Geochelone elegans,,ENABLE
Cherianne,Shimoni,1845546893,9 Onsgard Hill,3349998867,Corvus brachyrhynchos,,DISABLED
Carleen,Hanscome,1656785652,0143 Susan Park,3445684106,Globicephala melas,,ENABLE
Eva,Simmens,1251168640,9830 Fieldstone Trail,3160397195,Spermophilus richardsonii,,ENABLE
Garold,Haysar,1738759994,314 Crownhardt Point,3310664695,Morelia spilotes variegata,,ENABLE
Aurthur,McClymont,1197425494,0 Oriole Parkway,3079972088,Spermophilus armatus,,DISABLED
Agosto,Korneichuk,1900014644,1602 Algoma Junction,3901702725,Papio cynocephalus,,DISABLED
Brooks,Buddleigh,1159031528,129 Armistice Pass,3218308767,Ursus arctos,,DISABLED
Mela,Harber,1261732723,9 Green Parkway,3956157126,Kobus defassa,,DISABLED
Wadsworth,Fairley,1351332645,848 Jenna Way,3571847072,Cervus duvauceli,,DISABLED
Alyson,Pozzo,1317162775,5796 Shopko Hill,3398046475,Marmota caligata,,ENABLE
Berkly,Pablos,1622052702,7923 Longview Drive,3053278872,Rangifer tarandus,,DISABLED
Keely,Bergin,1922642905,68 Buhler Way,3412770270,Libellula quadrimaculata,,DISABLED
Lawrence,Eddoes,1026808316,1 Nobel Junction,3455186152,Trichoglossus chlorolepidotus,,ENABLE
Raimundo,Benediktsson,1212014150,439 Graedel Crossing,3241853972,Larus dominicanus,,DISABLED
Amandi,Skeats,1928148629,32 Lerdahl Street,3517017764,Ciconia ciconia,,ENABLE
Kelby,Harman,1005206909,966 Reindahl Street,3395186292,Chlamydosaurus kingii,,ENABLE
Daveen,Cahan,1465300547,54415 3rd Center,3293857422,Phalaropus fulicarius,,ENABLE
Leah,Ibell,1725475305,8109 Eagan Trail,3848326167,Ornithorhynchus anatinus,,ENABLE
Horten,Laughlan,1059533790,9 Lyons Hill,3435321985,Canis mesomelas,,ENABLE
Agnola,Gearty,1540398369,69 Meadow Vale Court,3823462776,Ceryle rudis,,ENABLE
Jacqui,Beidebeke,1118862427,298 6th Crossing,3777526297,Ara macao,,ENABLE
Clemens,Carnow,1675133867,0443 Drewry Junction,3575029469,Phascogale tapoatafa,,ENABLE
Mortimer,Pyrke,1207827629,7 Transport Way,3524461671,Meleagris gallopavo,,DISABLED
Jarret,Ateggart,1228189689,6233 Prairie Rose Junction,3944462182,Marmota monax,,ENABLE
Patrice,Sinclar,1761847018,062 Trailsway Park,3917426552,Marmota caligata,,DISABLED
Dasya,Ellice,1454542055,5409 Clove Trail,3647058205,Phoenicopterus chilensis,,DISABLED
Heddie,Snalum,1513078963,84851 Northland Avenue,3565125600,Otaria flavescens,,ENABLE
Dorothy,Sanpere,1519856728,364 Hooker Terrace,3867778336,Leptoptilos crumeniferus,,DISABLED
Wally,Croneen,1327312408,106 Judy Place,3991947089,unavailable,,DISABLED
Jeramie,Guilloud,1886060165,09896 Hudson Alley,3836238339,Cracticus nigroagularis,,ENABLE
Jacklyn,Sexty,1956738059,53 Hintze Way,3719775226,Buteo galapagoensis,,ENABLE
Ada,Pellington,1214072785,759 Nova Lane,3132937782,Tachybaptus ruficollis,,ENABLE
Antonella,Andersch,1931963824,50387 Northview Point,3997403310,Pavo cristatus,,ENABLE
Shelli,McGraith,1827506992,9061 Ryan Lane,3898591362,Paradoxurus hermaphroditus,,DISABLED
Elvera,Young,1872223658,6993 Larry Drive,3338498855,Cynictis penicillata,,DISABLED
Phillip,Kindred,1860112769,10 Summit Park,3389349171,Leptoptilos crumeniferus,,DISABLED
Taddeo,Buttwell,1388528965,3 Maywood Pass,3972418978,Hyaena brunnea,,ENABLE
Marylinda,Swyer,1386340602,0580 Annamark Drive,3489326813,Phalacrocorax niger,,ENABLE
Godwin,Fair,1389178069,558 Dexter Road,3376214809,Notechis semmiannulatus,,ENABLE
Candie,Keach,1235347982,98 Heffernan Pass,3017992116,Trichoglossus haematodus moluccanus,,DISABLED
Liane,Tremblett,1380730364,540 Pepper Wood Circle,3808360147,Laniaurius atrococcineus,,DISABLED
Freda,Matyushonok,1352271180,76883 Hayes Plaza,3997172622,Coluber constrictor,,ENABLE
Danette,Divis,1936495855,89664 Golf Course Court,3105248539,Spheniscus magellanicus,,ENABLE
Cynthy,Colebourn,1033311011,8 Calypso Hill,3065158481,Diceros bicornis,,ENABLE
Ogden,Schwanden,1779844581,8 Myrtle Junction,3197074278,Naja nivea,,ENABLE
Dina,Corradengo,1316438894,87388 Green Ridge Court,3852317152,Agelaius phoeniceus,,ENABLE
Kathe,Korpal,1371055341,484 Loftsgordon Avenue,3915836373,Hystrix cristata,,DISABLED
Burg,Last,1304412546,6929 Huxley Trail,3782762590,Lycaon pictus,,ENABLE
Celina,Kennion,1937420075,84 Chive Plaza,3512693876,Neotoma sp.,,ENABLE
Prinz,Strippling,1401439046,599 Marquette Street,3529239427,Pan troglodytes,,DISABLED
Audie,Erington,1870460681,6532 Elka Circle,3864280295,Vicugna vicugna,,ENABLE
Alvinia,Zavattieri,1827070540,93 Claremont Alley,3747427096,Zenaida asiatica,,DISABLED
Ash,Schimon,1222893214,505 Gerald Center,3627063398,Phasianus colchicus,,DISABLED
Nerita,Shills,1764090663,10254 Forest Run Circle,3589440856,Spheniscus mendiculus,,DISABLED
Jocelin,Willcox,1679611932,8 Di Loreto Plaza,3106600284,Cereopsis novaehollandiae,,DISABLED
Rita,Brito,1255941756,515 Kensington Parkway,3494718015,Nycticorax nycticorax,,DISABLED
Kennan,Crusham,1920978861,39590 Gateway Junction,3052957016,Ephippiorhynchus mycteria,,DISABLED
Jessie,Stopp,1548822007,5797 Macpherson Terrace,3841858546,Fregata magnificans,,ENABLE
Elberta,Wooler,1877610205,85891 Scoville Alley,3406730598,Bison bison,,ENABLE
Bondie,Hurt,1621823457,16017 Fisk Terrace,3216861438,Phalacrocorax carbo,,ENABLE
Eziechiele,Dudman,1978643896,57860 Dovetail Junction,3751419596,Macropus eugenii,,ENABLE
Deidre,Toleman,1378625820,22 Erie Hill,3605922771,Alcelaphus buselaphus cokii,,DISABLED
Rosmunda,Ahearne,1493840459,6899 Mayer Hill,3915919467,Chauna torquata,,DISABLED
Crin,Scotson,1254995007,8378 Grover Street,3917526741,Cracticus nigroagularis,,DISABLED
Matti,Cosley,1480365257,9167 Fordem Park,3575780269,Ramphastos tucanus,,ENABLE
Tedie,Tabour,1963934778,5 Linden Point,3489324048,Anathana ellioti,,DISABLED
Franky,Hallut,1415533700,61926 High Crossing Terrace,3437849267,Vombatus ursinus,,ENABLE
Harmon,Clowes,1043065962,6 Lake View Hill,3513845357,Vulpes vulpes,,ENABLE
Rochelle,Blizard,1898362524,3448 Scoville Circle,3670491490,Creagrus furcatus,,DISABLED
Valaree,Cadalleder,1980606671,17560 Arizona Center,3626843072,Cacatua tenuirostris,,ENABLE
Heidi,Borthwick,1275948525,8 5th Junction,3641660318,Phoca vitulina,,DISABLED
Cate,Girardet,1940243258,25 Novick Terrace,3393876263,Graspus graspus,,ENABLE
Charissa,Risom,1239828378,33294 Vera Court,3472729226,Ninox superciliaris,,ENABLE
Millard,Libero,1575100686,9 Summerview Place,3476287392,Cebus albifrons,,ENABLE
Caressa,Pebworth,1887141898,52167 Stoughton Hill,3308812086,Porphyrio porphyrio,,DISABLED
Giacopo,Cossington,1478153335,64 Brentwood Plaza,3991801649,Libellula quadrimaculata,,DISABLED
Franz,Ceillier,1807573499,985 Anniversary Terrace,3581760039,Felis libyca,,ENABLE
Bernardo,D'Hooge,1994955020,10 Doe Crossing Drive,3677969113,Hyaena brunnea,,ENABLE
Patin,Kaes,1878084755,35285 Del Sol Hill,3697941774,Cacatua tenuirostris,,DISABLED
Tori,Tiley,1279779968,81 Saint Paul Circle,3933837465,Colobus guerza,,DISABLED
Kaspar,Seefeldt,1984119612,52 Fordem Trail,3318074726,Ceryle rudis,,ENABLE
Cathleen,Beddingham,1256391375,33554 Montana Lane,3895518734,Anathana ellioti,,ENABLE
Barnebas,Khadir,1753071876,393 Buhler Drive,3804672869,Odocoileus hemionus,,DISABLED
Beverly,Carass,1802137997,46 Farragut Court,3054157443,Pelecans onocratalus,,DISABLED
Brietta,Ambridge,1588474339,18 Quincy Point,3822375301,Haematopus ater,,ENABLE
Olva,Menel,1163315316,251 Gerald Avenue,3857078042,Thalasseus maximus,,DISABLED
Doll,Caukill,1041662642,97386 Manitowish Road,3951106249,Paraxerus cepapi,,DISABLED
Madelle,Hartright,1307993976,793 Warner Lane,3360150756,Carduelis pinus,,DISABLED
Reeva,Mangham,1692162103,967 Little Fleur Road,3252302385,Phalacrocorax niger,,ENABLE
Arabella,Ruckhard,1456785009,0385 Johnson Junction,3055659778,Crotalus cerastes,,ENABLE
Charmian,Smorfit,1282404713,1 Dexter Terrace,3183285065,Pseudalopex gymnocercus,,DISABLED
Feodor,Annes,1206519350,67 Mccormick Plaza,3144069246,Vulpes vulpes,,DISABLED
Perri,Dahlback,1697574008,65424 Superior Trail,3920763266,Creagrus furcatus,,DISABLED
Erna,Cockren,1852008686,380 Union Crossing,3864261791,Odocoilenaus virginianus,,DISABLED
Brander,Liggett,1642596484,33677 Weeping Birch Place,3402707107,Eremophila alpestris,,ENABLE
Noella,Chiswell,1574004147,56 Crest Line Park,3867165903,Lorythaixoides concolor,,ENABLE
Franklin,Nend,1278097420,186 Atwood Plaza,3888659242,Otocyon megalotis,,ENABLE
Marcelia,Tue,1437791529,5 Messerschmidt Avenue,3968151815,Pituophis melanaleucus,,ENABLE
Tyson,Goreisr,1459703144,4 Coleman Street,3296608489,Pseudoleistes virescens,,ENABLE
Davida,Duplain,1434545197,51090 Hintze Plaza,3386200335,Grus canadensis,,ENABLE
Ardeen,Tripett,1235642782,6749 Vernon Plaza,3442419554,unavailable,,DISABLED
Doloritas,Mattiuzzi,1999993340,68822 Starling Park,3386338649,Cercopithecus aethiops,,DISABLED
Gaultiero,Dewfall,1350152465,0 Logan Lane,3011632441,Odocoileus hemionus,,ENABLE
Myriam,Sharpley,1178436276,42199 Meadow Vale Pass,3009771212,Porphyrio porphyrio,,ENABLE
Jackquelin,Jermyn,1187610725,68 Dottie Plaza,3688676354,Casmerodius albus,,ENABLE
Araldo,Jacombs,1738290248,0696 Dunning Drive,3389313174,Panthera tigris,,ENABLE
Cathee,Roggerone,1703775760,96000 Sheridan Terrace,3084544073,Acrobates pygmaeus,,ENABLE
Emelyne,Kettlestring,1455531674,0 Oriole Drive,3211810922,Arctogalidia trivirgata,,DISABLED
Fanchon,Gallamore,1232887649,483 Dapin Street,3642642736,Gyps bengalensis,,ENABLE
Eloise,Pamphilon,1452299010,15423 Jackson Terrace,3609501387,Taurotagus oryx,,DISABLED
Carlyle,Mace,1384744053,5740 Loeprich Center,3881322874,Felis libyca,,DISABLED
Lorie,Gemeau,1255901424,137 Hintze Plaza,3927844141,Lama pacos,,ENABLE
Byrann,Allkins,1776962877,45 Redwing Point,3992890554,Upupa epops,,ENABLE
Mariana,Stendell,1700880574,4 6th Park,3863318156,Lasiorhinus latifrons,,DISABLED
Rand,Gartland,1670483026,925 Mccormick Court,3407196591,Cathartes aura,,ENABLE
Sasha,Gladdish,1269988195,44770 Ridgeview Hill,3288364287,Papio cynocephalus,,ENABLE
Marja,Burgot,1475131473,682 Shasta Center,3262197972,Mazama gouazoubira,,ENABLE
Barnett,Petherick,1965266864,7843 Gina Junction,3949111154,Actophilornis africanus,,DISABLED
Jamal,Howel,1564800114,02 Pearson Plaza,3628127830,Heloderma horridum,,DISABLED
Karlie,Breakwell,1767323658,406 Hoard Point,3780023515,Dusicyon thous,,DISABLED
Katerine,Rylatt,1259228802,4 Dorton Crossing,3281658128,Uraeginthus granatina,,ENABLE
Jolynn,Stocky,1397721678,3 Chinook Way,3869512862,Ploceus intermedius,,DISABLED
Chance,Arnowicz,1614689515,03 Cambridge Plaza,3347754995,Leipoa ocellata,,DISABLED
Jemie,Bloore,1140800549,34 Banding Plaza,3653646636,Semnopithecus entellus,,ENABLE
Pavla,Gauchier,1143629757,9355 Roth Park,3259163565,Castor fiber,,DISABLED
Jarred,Featley,1205408819,2 Corben Plaza,3668096736,Numida meleagris,,ENABLE
Jehanna,Batrick,1277656092,49 Sunfield Street,3087039977,Castor canadensis,,ENABLE
Orran,Mansbridge,1465559653,3305 Redwing Plaza,3687105881,Tayassu tajacu,,DISABLED
Elwin,Teese,1074194987,520 Heffernan Junction,3525556580,Felis rufus,,ENABLE
Marlon,Rogerson,1667062591,79066 Vera Road,3866952845,Chlidonias leucopterus,,DISABLED
Alaine,Mayoh,1643504344,1020 Butternut Court,3326426982,Eudyptula minor,,ENABLE
Quinn,Garvin,1132525847,9811 Merrick Street,3467306530,Varanus salvator,,DISABLED
Ikey,Bunning,1189343856,704 Hudson Point,3210988400,Eudyptula minor,,DISABLED
Joseito,Ducker,1134112025,6493 Northland Road,3605500112,Panthera pardus,,ENABLE
Sheeree,Crowne,1411867551,85153 Texas Center,3243274309,Alcelaphus buselaphus caama,,DISABLED
Lianna,Berthon,1748464924,69 Merchant Terrace,3236532588,Pteronura brasiliensis,,DISABLED
Chet,Christon,1539377761,97 Summerview Park,3741788608,Morelia spilotes variegata,,DISABLED
Krysta,O'Gavin,1409340788,17189 Everett Street,3667362031,Pavo cristatus,,ENABLE
Chevy,Sowte,1956902143,38 Fremont Street,3839202321,Sylvicapra grimma,,ENABLE
Whitney,Cockshut,1254684080,77083 Starling Trail,3066642329,Ateles paniscus,,DISABLED
Odille,Morrilly,1629305221,02427 Golf View Road,3034312235,Ovis ammon,,DISABLED
Osmond,Skahill,1785976571,92 Mifflin Terrace,3790908077,Hystrix indica,,ENABLE
Heindrick,Allberry,1389645394,45 Pawling Trail,3882077457,Canis aureus,,DISABLED
Lyman,Woodward,1304352076,0590 Dexter Alley,3161934970,Neophron percnopterus,,ENABLE
Luelle,Maryin,1888583075,72129 Pepper Wood Crossing,3230912534,Terathopius ecaudatus,,ENABLE
Oralle,Croose,1126747876,813 Rowland Place,3758508360,Procyon cancrivorus,,ENABLE
Pepita,Crome,1324877616,77 Dwight Point,3599293864,Dicrostonyx groenlandicus,,ENABLE
Ericka,Boutwell,1391834830,48 Merry Trail,3628417001,Spermophilus armatus,,DISABLED
Aubert,Epple,1892889027,8112 Delaware Terrace,3600516867,Felis pardalis,,DISABLED
Avery,Kilner,1701208623,0 John Wall Center,3606877678,Cynictis penicillata,,ENABLE
Dewey,Laughren,1240992883,618 3rd Point,3339565956,Lycaon pictus,,DISABLED
Tyson,Aronsohn,1928816017,7 Buhler Crossing,3985888397,Gyps bengalensis,,DISABLED
Gussy,Cheverton,1046637280,8 Trailsway Way,3412172765,Libellula quadrimaculata,,ENABLE
Fidel,Klosser,1053382611,4 Spohn Junction,3774376832,Phalacrocorax albiventer,,ENABLE
Shawna,Slocumb,1448588944,4 Prairieview Street,3415797254,Francolinus leucoscepus,,DISABLED
Putnem,Childes,1460342423,169 Shopko Pass,3598737315,Chauna torquata,,DISABLED
Regan,Buret,1241215240,1 Mayer Avenue,3949312400,Felis libyca,,ENABLE
Berky,Castelyn,1629426451,0687 Pine View Road,3305084329,Lamprotornis superbus,,DISABLED
Rozelle,Wasielewski,1603886387,5007 Blackbird Plaza,3464125706,Martes americana,,ENABLE
Rona,Kingzet,1265162905,580 Buell Drive,3444063946,Chelodina longicollis,,DISABLED
Prinz,Pagnin,1779433790,412 Autumn Leaf Street,3003931089,unavailable,,DISABLED
Ingaborg,Valentinetti,1659960710,34496 Towne Place,3922707624,Graspus graspus,,ENABLE
Domenico,Yalden,1242180791,8 Chive Avenue,3467483999,Macropus agilis,,ENABLE
Gusta,Jacob,1426226750,096 Mayfield Terrace,3762494609,Mustela nigripes,,DISABLED
Emanuele,Brickhill,1743148401,86 Carpenter Trail,3949900498,Pteronura brasiliensis,,ENABLE
Halette,Batcock,1141492063,9702 Boyd Street,3358469077,Canis dingo,,ENABLE
Abagael,Almond,1523466329,453 Kinsman Crossing,3021844983,Bubo virginianus,,ENABLE
Amalie,Newbegin,1987715026,3 Dovetail Avenue,3122741609,Drymarchon corias couperi,,DISABLED
Marsha,MacCome,1805183396,6 Merchant Alley,3338312856,Alcelaphus buselaphus cokii,,ENABLE
Ransom,Stock,1209728491,1 Dryden Way,3022008660,Oreamnos americanus,,DISABLED
Nickolaus,Heinel,1321254281,73462 Barby Center,3398083567,Anathana ellioti,,ENABLE
Inge,Witling,1802259241,131 Burrows Hill,3683368519,Pedetes capensis,,ENABLE
Claudine,Wandtke,1004331693,3 Truax Parkway,3727642456,Acrantophis madagascariensis,,ENABLE
Daloris,Cafe,1701718382,5 Reindahl Park,3793781544,Tetracerus quadricornis,,DISABLED
Feliza,Dongate,1271758443,1867 Meadow Ridge Court,3286917131,Marmota monax,,ENABLE
Harrietta,Bulbeck,1130031096,952 Beilfuss Street,3764224351,Buteo galapagoensis,,DISABLED
Erie,McReynold,1349996439,08385 Blaine Avenue,3708904541,Dasypus novemcinctus,,DISABLED
Charlotte,Astridge,1871010410,3451 Golf View Parkway,3940281649,Caiman crocodilus,,DISABLED
Sayre,Petz,1867055696,72 Maryland Court,3691242876,Panthera leo,,DISABLED
Oona,Head,1922020799,3 Shelley Point,3528316861,Cathartes aura,,ENABLE
Lyon,Fihelly,1282496190,26591 Dayton Place,3238145106,Cabassous sp.,,ENABLE
Celeste,Elloway,1226531740,515 Gulseth Terrace,3586635115,Camelus dromedarius,,DISABLED
Hermia,Jodlowski,1916752498,94 Meadow Valley Parkway,3428580890,Semnopithecus entellus,,DISABLED
Madeleine,Klampk,1463374634,047 Butternut Center,3144798584,Lamprotornis nitens,,DISABLED
Annalee,Taree,1017773171,22 Autumn Leaf Junction,3597286431,Haliaetus leucogaster,,DISABLED
Maurene,Castane,1338250209,224 Bartillon Lane,3490584915,Ctenophorus ornatus,,DISABLED
Brady,Dillimore,1735950991,16 Steensland Parkway,3154813283,Bison bison,,ENABLE
Ogden,Gilham,1404241088,89 Hovde Point,3477687834,Odocoilenaus virginianus,,ENABLE
Cal,Naris,1387784214,17375 Elgar Street,3852760992,Anitibyx armatus,,ENABLE
Stevie,Aggs,1489523136,1182 Miller Alley,3378331195,Laniaurius atrococcineus,,DISABLED
Becca,Offiler,1367308416,93333 Havey Point,3120162399,Capra ibex,,ENABLE
Marji,Jarrold,1569229460,902 Oak Place,3763478596,Aegypius tracheliotus,,ENABLE
Rolfe,Offer,1175650671,1676 Eagle Crest Crossing,3800419550,Fratercula corniculata,,ENABLE
Eadie,Pernell,1515488903,30019 Garrison Avenue,3366063945,Branta canadensis,,DISABLED
Carolann,Morando,1209484001,340 Mcguire Drive,3553838985,Bucorvus leadbeateri,,DISABLED
Perri,Cerman,1685199252,4 Little Fleur Junction,3167786572,Trichoglossus haematodus moluccanus,,ENABLE
Paton,Napier,1824246448,736 Sunnyside Drive,3724488937,Dendrocitta vagabunda,,DISABLED
Joellyn,Dodsley,1843804497,9971 Hoepker Point,3347186147,Eutamias minimus,,ENABLE
Angela,Kop,1945056543,58 Packers Center,3742861154,Ceratotherium simum,,DISABLED
Sawyer,Goves,1827870140,31 Coolidge Hill,3947108074,Dasyurus viverrinus,,ENABLE
Ignacius,Cacacie,1451021186,8 7th Park,3992902390,Hippotragus equinus,,DISABLED
Lissa,Reinhard,1450327490,11048 Barby Alley,3501140801,Equus hemionus,,DISABLED
Sebastian,Grishakov,1443963305,34222 Bobwhite Point,3170524362,Antechinus flavipes,,DISABLED
Gerianna,Rieger,1233646630,2 Colorado Court,3899443566,Tayassu tajacu,,DISABLED
Eba,Dudgeon,1268913980,8801 Truax Street,3494394244,Platalea leucordia,,ENABLE
Jayne,Keller,1677262454,421 Clemons Alley,3960498875,Actophilornis africanus,,ENABLE
Ursa,Runnacles,1375357231,445 Dayton Junction,3642977158,Vulpes chama,,DISABLED
Fernanda,Chittenden,1017742247,6 Chive Crossing,3511993004,Canis lupus lycaon,,ENABLE
Johny,Stallworth,1228538937,3688 Hazelcrest Way,3571479318,Aegypius occipitalis,,ENABLE
Dorine,Brodway,1152404860,92 Lien Place,3627832153,Vulpes chama,,DISABLED
Grace,Durnall,1282971421,9031 Meadow Vale Park,3080500311,Sarkidornis melanotos,,ENABLE
Verney,Applebee,1798520116,2048 Clemons Park,3759210957,Pelecans onocratalus,,DISABLED
Boniface,Ortler,1448249946,55636 Anthes Avenue,3780469722,Epicrates cenchria maurus,,ENABLE
Barnabas,Burgwin,1218636942,34378 Cambridge Road,3272277411,Tachybaptus ruficollis,,ENABLE
Ingamar,Woodroff,1962968339,3575 Melrose Junction,3694459385,Prionace glauca,,ENABLE
Luciano,Ahmed,1063849742,7 Kenwood Terrace,3637354594,Corvus brachyrhynchos,,DISABLED
Clerkclaude,Badman,1534541018,2 Old Gate Hill,3183205901,Genetta genetta,,DISABLED
Tamarra,McClenaghan,1112594149,51 John Wall Drive,3178776789,Axis axis,,ENABLE
Berthe,Ferronier,1439199211,860 Pawling Parkway,3496015555,Elephas maximus bengalensis,,ENABLE
Cesaro,McDuff,1224738479,8855 Brickson Park Lane,3091449395,Ovis ammon,,ENABLE
Emlen,Sancto,1397000265,73 Superior Junction,3630762148,Marmota flaviventris,,DISABLED
Lucien,Vallow,1428688534,9 Dexter Crossing,3344067676,Gazella thompsonii,,ENABLE
Raoul,Vasyukhin,1851280925,9578 Delladonna Lane,3037770659,Naja haje,,ENABLE
Edy,Mant,1092292194,1200 Brentwood Point,3875812637,Lophoaetus occipitalis,,ENABLE
Ulick,O'Kinneally,1051707036,2491 Nova Place,3301126979,Chelodina longicollis,,DISABLED
Levon,Sitlington,1913926880,851 Lighthouse Bay Hill,3091789770,Platalea leucordia,,ENABLE
Garwin,Curedale,1084350609,3 Thierer Hill,3340780127,Buteo galapagoensis,,ENABLE
Dionne,Kob,1650162755,309 Judy Alley,3517903292,Falco peregrinus,,ENABLE
Pierette,Meldon,1484964197,639 Anniversary Plaza,3116011711,Spheniscus mendiculus,,DISABLED
Mendy,Sail,1714578842,977 Independence Point,3710480442,Pteronura brasiliensis,,DISABLED
D'arcy,Downing,1856462436,46797 Clyde Gallagher Park,3678891772,Zenaida galapagoensis,,DISABLED
Fulvia,Shilburne,1107059247,3881 Fieldstone Alley,3309803648,unavailable,,ENABLE
Jamil,Lankham,1504595919,6326 Schlimgen Pass,3546261121,Cebus apella,,DISABLED
Jedediah,Faussett,1408299828,5 Westport Pass,3015359367,Papio cynocephalus,,DISABLED
Pauly,Dumbrell,1792484695,24 Roxbury Street,3793538226,Theropithecus gelada,,ENABLE
Dasha,Cornes,1184723072,4588 Troy Pass,3884192095,Mellivora capensis,,DISABLED
Alvie,Carrack,1707822228,2957 Almo Street,3830007820,Butorides striatus,,ENABLE
Reginald,MacElroy,1641420229,919 Algoma Center,3409164823,Catharacta skua,,DISABLED
Chucho,Marusic,1708537191,72018 Debra Pass,3534410018,Corvus albicollis,,ENABLE
Federica,McGuane,1791477209,4573 Roxbury Court,3114057979,Marmota caligata,,ENABLE
Johannes,Gable,1196781336,8 Elmside Avenue,3333500171,Ursus maritimus,,ENABLE
Ware,Bortolomei,1188617686,7938 Judy Avenue,3499137570,Graspus graspus,,ENABLE
Hervey,Sterre,1966788251,7 Pearson Center,3624374421,Iguana iguana,,DISABLED
Elfie,Handes,1052111097,72264 Old Gate Plaza,3619793184,Cebus apella,,DISABLED
Tudor,Toy,1691378393,2 Golf View Circle,3380108050,Felis silvestris lybica,,DISABLED
Eugen,Mower,1771149916,4 Warrior Drive,3257572313,Potorous tridactylus,,DISABLED
Carmelita,Rajchert,1573851732,73 5th Trail,3891249037,Corythornis cristata,,DISABLED
Joey,Camilli,1986001786,43216 Old Shore Way,3410214648,Procyon cancrivorus,,DISABLED
Linn,Kelley,1835107186,6 Schurz Way,3642363679,Pituophis melanaleucus,,DISABLED
Everard,Stannah,1637200441,20528 Gina Drive,3444813038,Herpestes javanicus,,ENABLE
Major,Muckleston,1648885554,18718 Merchant Pass,3977054267,Thalasseus maximus,,DISABLED
Terry,Oiller,1559763302,859 Washington Avenue,3380285683,Acrantophis madagascariensis,,ENABLE
Consolata,Mille,1763340452,9132 Kedzie Crossing,3738496244,Diomedea irrorata,,ENABLE
Tailor,Wrightem,1919930926,67 Leroy Hill,3187954667,Mazama gouazoubira,,ENABLE
Durward,Slemming,1752304725,3 Kingsford Circle,3351336770,Ara ararauna,,DISABLED
Christoph,Godlip,1041867940,63906 Golden Leaf Road,3555912960,Macaca nemestrina,,ENABLE
Mirelle,Polfer,1780636764,434 Hanson Point,3164461492,Hyaena hyaena,,DISABLED
Zora,Rabat,1963645772,08 Becker Road,3825466801,Pavo cristatus,,DISABLED
Abbot,Bowerman,1728083826,3088 Katie Park,3272533628,Taxidea taxus,,DISABLED
Rudiger,Paxforde,1737151980,8 Mallory Parkway,3299909936,Macropus agilis,,DISABLED
Pincus,Jessop,1785203736,2 Killdeer Park,3580231902,Damaliscus lunatus,,ENABLE
