Wine - Fume Blanc Fetzer,G222-M3333,Buteo galapagoensis,Bouncingbet,89327,,DISABLED
Tuna - Bluefin,Y222-E3333,unavailable,Disk Lichen,39223,,DISABLED
Bread - Bistro Sour,L222-S3333,Lophoaetus occipitalis,Mosquitograss,5012,,ENABLE
Turkey - Breast, Double,Q222-J3333,Varanus salvator,New Mexico Spiny Milkvetch,86591,,DISABLED
Capon - Breast, Double, Wing On,M222-T3333,Lorythaixoides concolor,Western Daisy Fleabane,55876,,DISABLED
Napkin - Dinner, White,F222-N3333,Crocuta crocuta,Aspalathus,31079,,DISABLED
Lettuce - Belgian Endive,R222-H3333,Bassariscus astutus,Texas Flatsedge,58568,,DISABLED
Oats Large Flake,O222-L3333,Lutra canadensis,Brandegee's Penstemon,90663,,ENABLE
Buttons,P222-J3333,Plegadis falcinellus,Siskiyou Mariposa Lily,1217,,ENABLE
Snapple Lemon Tea,X222-P3333,Trichoglossus chlorolepidotus,Bigelow's Beggarticks,81128,,ENABLE
Soup - Knorr, Country Bean,N222-E3333,Crotalus cerastes,New York Dewberry,29469,,DISABLED
Carbonated Water - Peach,Q222-G3333,Eumetopias jubatus,Ravenel's Lung Lichen,49200,,DISABLED
Beef - Sushi Flat Iron Steak,Z222-S3333,Leprocaulinus vipera,Muskingum Sedge,36783,,DISABLED
Banana,X222-F3333,Trachyphonus vaillantii,White River Coraldrops,29355,,DISABLED
Corn Syrup,H222-V3333,Potamochoerus porcus,Lampranthus,34348,,DISABLED
Soap - Pine Sol Floor Cleaner,O222-X3333,Columba palumbus,Dot Lichen,32570,,ENABLE
Onions - Pearl,O222-B3333,Lemur catta,Cracked Lichen,41550,,DISABLED
Haggis,F222-J3333,Actophilornis africanus,Whitetop,91673,,DISABLED
Chicken - Ground,R222-S3333,Macaca mulatta,Tuberous Comfrey,47863,,ENABLE
Soup - Cream Of Potato / Leek,Z222-B3333,Macropus rufogriseus,Nuttall's Horsebrush,57370,,DISABLED
Oven Mitts 17 Inch,E222-D3333,Butorides striatus,Trailing Crabgrass,18317,,ENABLE
Bread - Crusty Italian Poly,L222-B3333,Laniarius ferrugineus,Sandbar Lovegrass,35287,,ENABLE
Wine - Red, Gallo, Merlot,Y222-P3333,Pteropus rufus,Cyrto-hypnum Moss,55799,,ENABLE
Wine - White, Colubia Cresh,W222-O3333,Alectura lathami,Squirrel's Tail,49513,,DISABLED
Sprouts - Brussel,T222-F3333,Martes americana,Scalloped Milkwort,46249,,DISABLED
Pepper - Paprika, Spanish,H222-W3333,Sterna paradisaea,Weill's Lichenochora Lichen,74406,,DISABLED
The Pop Shoppe - Black Cherry,V222-G3333,unavailable,Saguaro,40103,,ENABLE
Spice - Montreal Steak Spice,D222-X3333,Cacatua tenuirostris,Arizona Spikerush,61523,,DISABLED
Sauce - Bernaise, Mix,A222-B3333,Philetairus socius,Ontario Rhodobryum Moss,38472,,ENABLE
Shopper Bag - S - 4,U222-Z3333,Cordylus giganteus,Singapore Graveyard Flower,46985,,DISABLED
Lotus Root,S222-V3333,Papio cynocephalus,Golden Tickseed,67915,,DISABLED
Flower - Leather Leaf Fern,J222-G3333,Lutra canadensis,Spiderweb Chloris,53644,,DISABLED
Beef - Sushi Flat Iron Steak,U222-L3333,Equus burchelli,Flatstem Spikerush,41341,,DISABLED
Flour - Chickpea,T222-V3333,Charadrius tricollaris,Bran Lichen,50562,,ENABLE
Wine - Bourgogne 2002, La,F222-N3333,Porphyrio porphyrio,Hairy Fournwort,91483,,ENABLE
Cocktail Napkin Blue,T222-S3333,Graspus graspus,Crested Wheatgrass,21522,,DISABLED
Bread - Rolls, Rye,L222-D3333,Ctenophorus ornatus,Forest Sandmat,83434,,ENABLE
Wine - Crozes Hermitage E.,V222-H3333,Picoides pubescens,Annual Water Minerslettuce,2529,,ENABLE
Pepper - Green,H222-O3333,Mirounga leonina,Atrichum Moss,68251,,DISABLED
Lemon Grass,D222-B3333,Theropithecus gelada,Mangabeira,55297,,DISABLED
Pork - Side Ribs,Y222-Y3333,Papilio canadensis,Little Bluestem,42409,,ENABLE
Bread - Olive Dinner Roll,M222-R3333,Recurvirostra avosetta,Garbancillo,47945,,DISABLED
Scampi Tail,S222-F3333,Larus fuliginosus,Largeflower Tickseed,82814,,DISABLED
Beef - Montreal Smoked Brisket,P222-K3333,Sarcophilus harrisii,Fogg's Goosefoot,54876,,DISABLED
Longos - Chicken Wings,N222-M3333,Chelodina longicollis,Horsehair Lichen,86849,,DISABLED
Rum - Light, Captain Morgan,U222-H3333,Tiliqua scincoides,Scalystem,60232,,ENABLE
Soup - Campbells, Minestrone,G222-A3333,Coluber constrictor,Oppositeleaf Maiden Fern,15508,,ENABLE
Cocktail Napkin Blue,G222-V3333,Oryx gazella,New Mexico Cinquefoil,28163,,DISABLED
Water - Perrier,O222-I3333,Lutra canadensis,Piorkowski's Clover,98388,,DISABLED
Cranberries - Fresh,E222-C3333,Tyto novaehollandiae,Bluewitch,92636,,ENABLE
Trout Rainbow Whole,Z222-G3333,Petaurus norfolcensis,Florida Keys Blackbead,51927,,ENABLE
Appetizer - Tarragon Chicken,V222-U3333,Axis axis,Wiegand's Sedge,11738,,ENABLE
Gatorade - Orange,M222-D3333,Phylurus milli,Reflexed Blazingstar,44300,,DISABLED
Food Colouring - Blue,W222-C3333,Gymnorhina tibicen,Dicranum Moss,91793,,DISABLED
Sauerkraut,L222-V3333,Corvus albus,Gymnema,74362,,DISABLED
V8 Splash Strawberry Banana,X222-V3333,Chloephaga melanoptera,Decomposition Brackenfern,42297,,DISABLED
Puree - Passion Fruit,D222-K3333,Taxidea taxus,Slickrock Biscuitroot,64662,,DISABLED
Chinese Foods - Plain Fried Rice,C222-M3333,Eumetopias jubatus,Cacao,74867,,DISABLED
Squid - U - 10 Thailand,B222-W3333,Buteo regalis,Koolau Range Papala,75343,,ENABLE
Curry Powder,L222-G3333,Felis pardalis,Shieldplant,96959,,DISABLED
Longos - Grilled Veg Sandwiches,M222-Q3333,Potorous tridactylus,Thelomma Lichen,20861,,ENABLE
Chestnuts - Whole,canned,N222-S3333,Hystrix cristata,Truncate Pottia Moss,53403,,DISABLED
Muffin - Mix - Mango Sour Cherry,T222-K3333,Trachyphonus vaillantii,Graphina Lichen,23717,,ENABLE
Melon - Honey Dew,U222-W3333,Ephippiorhynchus mycteria,Arctic Lyme Grass,37286,,DISABLED
Tobasco Sauce,N222-L3333,Cathartes aura,Silver Bird's-foot Trefoil,4599,,DISABLED
Crab - Dungeness, Whole,A222-Q3333,Axis axis,Orangegrass,34036,,ENABLE
Chocolate - White,Q222-N3333,Uraeginthus granatina,Phlox Heliotrope,14430,,DISABLED
Bar - Sweet And Salty Chocolate,U222-X3333,Lycosa godeffroyi,Panamint Rock Goldenrod,69105,,ENABLE
Fruit Mix - Light,J222-K3333,Acanthaster planci,Wirtgen's Bedstraw,7469,,DISABLED
Nescafe - Frothy French Vanilla,X222-M3333,Cyrtodactylus louisiadensis,Cordilleran Sedge,45741,,ENABLE
Squid Ink,Q222-S3333,Sylvicapra grimma,Edwards' Bluewood,78019,,ENABLE
Goat - Leg,F222-E3333,Castor canadensis,Pugnacious Blackberry,72983,,DISABLED
Wine - Red, Harrow Estates, Cab,G222-C3333,Ourebia ourebi,Spreading Fissurewort,96449,,ENABLE
Muffin Batt - Choc Chk,P222-F3333,Funambulus pennati,Timberland Blue-eyed Grass,48115,,DISABLED
Mudslide,I222-J3333,Creagrus furcatus,Spring Cinquefoil,73855,,DISABLED
Wine - Red, Gallo, Merlot,A222-H3333,Spermophilus tridecemlineatus,Tickbush,34084,,DISABLED
Potatoes - Pei 10 Oz,B222-X3333,unavailable,Jelly Lichen,13895,,DISABLED
Turkey - Breast, Double,T222-K3333,Trichosurus vulpecula,Dudleya,67759,,ENABLE
Beef - Top Sirloin,N222-Y3333,Panthera leo persica,Smallflower Melicgrass,49817,,ENABLE
Beets - Candy Cane, Organic,J222-E3333,Sylvicapra grimma,California Balsamroot,79363,,ENABLE
Pork - Sausage Casing,S222-H3333,Ammospermophilus nelsoni,Rare Clubmoss,19172,,ENABLE
Juice - Orange, 341 Ml,E222-L3333,Tayassu pecari,Imshaugia Lichen,63690,,ENABLE
Seedlings - Clamshell,L222-X3333,Canis aureus,Stiff Greenthread,58738,,ENABLE
Wanton Wrap,S222-G3333,Galago crassicaudataus,Tansyaster,55843,,DISABLED
Water - Evian 355 Ml,P222-V3333,Antilocapra americana,West African Rubbertree,96696,,ENABLE
Tomato Puree,I222-U3333,Nycticorax nycticorax,Verbena,94220,,DISABLED
Broom Handle,Y222-C3333,Francolinus swainsonii,Annual Pearlwort,6869,,DISABLED
Pastry - Key Limepoppy Seed Tea,Q222-R3333,Phascogale tapoatafa,Coast Plantain,66236,,ENABLE
Duck - Fat,Z222-L3333,Ninox superciliaris,Rim Lichen,19149,,ENABLE
Wine - Semi Dry Riesling Vineland,O222-N3333,Bubulcus ibis,West Indian Clearweed,31551,,DISABLED
Noodles - Steamed Chow Mein,A222-N3333,Falco peregrinus,Purpleflowering Raspberry,98285,,DISABLED
Yeast Dry - Fleischman,R222-D3333,Herpestes javanicus,Forest Camp Sandwort,37580,,DISABLED
Kiwi Gold Zespri,U222-U3333,Motacilla aguimp,Metallic Taro,1683,,ENABLE
Curry Paste - Madras,V222-O3333,Pseudalopex gymnocercus,Fishpoison,58991,,ENABLE
Irish Cream - Baileys,L222-V3333,Alcelaphus buselaphus cokii,Modoc Frasera,2902,,DISABLED
Goat - Leg,D222-J3333,Crotaphytus collaris,Aulaxina Lichen,35117,,DISABLED
Calvados - Boulard,J222-R3333,Anas platyrhynchos,Broombush False Willow,90464,,ENABLE
Pasta - Rotini, Colour, Dry,F222-V3333,Stercorarius longicausus,Mycobilimbia Lichen,73564,,ENABLE
Sprouts Dikon,M222-K3333,Oncorhynchus nerka,Graham's Manihot,72277,,ENABLE
Muffin Mix - Oatmeal,I222-D3333,Ratufa indica,Pore Lichen,49328,,DISABLED
Muffin - Mix - Bran And Maple 15l,A222-G3333,Antidorcas marsupialis,Northern Orange Lichen,52977,,ENABLE
Cookies Oatmeal Raisin,M222-F3333,Centrocercus urophasianus,Campylium Moss,41181,,DISABLED
Trout - Hot Smkd, Dbl Fillet,W222-R3333,Gyps bengalensis,Broad Fleabane,29143,,DISABLED
Sugar - Cubes,I222-M3333,Neophron percnopterus,Martinique Tonguefern,93782,,ENABLE
Sour Puss Raspberry,X222-J3333,Otocyon megalotis,Golden Mock Orange,7774,,DISABLED
Pasta - Rotini, Colour, Dry,K222-B3333,Coendou prehensilis,Albany Hawthorn,67027,,ENABLE
Flour - Semolina,P222-G3333,Halcyon smyrnesis,Narrowleaf Hawksbeard,55609,,DISABLED
Coke - Classic, 355 Ml,Y222-Q3333,Phoeniconaias minor,Antilles Tonguefern,92866,,DISABLED
Soupcontfoam16oz 116con,Q222-L3333,Upupa epops,Foliage Flower,24387,,DISABLED
Doilies - 8, Paper,D222-W3333,Junonia genoveua,Siskiyou Mountain Woodland-star,65965,,DISABLED
Bread Crumbs - Japanese Style,K222-O3333,Paradoxurus hermaphroditus,Tufted Twinpod,11859,,DISABLED
Wine - Semi Dry Riesling Vineland,M222-B3333,Meleagris gallopavo,Yam,84149,,ENABLE
Pepper - White, Whole,V222-O3333,Dacelo novaeguineae,Witch's Hair Lichen,75343,,ENABLE
Wine - White, Riesling, Semi - Dry,F222-P3333,Melursus ursinus,Bluntleaf Bedstraw,36825,,DISABLED
Stock - Beef, White,D222-E3333,Castor canadensis,Polar Milkvetch,99519,,ENABLE
Tomatoes - Heirloom,L222-L3333,Corvus brachyrhynchos,Canadian Woodnettle,72811,,DISABLED
Roe - Flying Fish,U222-O3333,Paroaria gularis,Spanish Broom,89906,,ENABLE
Coconut - Whole,Z222-W3333,Felis silvestris lybica,Cat's Milk,23283,,DISABLED
Maple Syrup,Q222-P3333,Cereopsis novaehollandiae,Arctic Tortella Moss,23942,,DISABLED
Cleaner - Pine Sol,O222-P3333,Theropithecus gelada,Clover Ash,29290,,DISABLED
Sauce - Gravy, Au Jus, Mix,X222-C3333,Macaca fuscata,Robert Geranium,69539,,ENABLE
Pur Source,N222-O3333,Gyps bengalensis,Mt. Hood Pussypaws,73112,,ENABLE
Pastry - Carrot Muffin - Mini,V222-M3333,Lepilemur rufescens,Bloody Geranium,17037,,DISABLED
Apples - Spartan,U222-D3333,Lepus townsendii,New Mexico Saltbush,70368,,DISABLED
Corn Meal,J222-E3333,Kobus leche robertsi,Clappertonia,49343,,ENABLE
Hipnotiq Liquor,C222-I3333,Equus hemionus,Awned Mountainmint,26730,,ENABLE
Foam Dinner Plate,L222-R3333,Pituophis melanaleucus,Brachythecium Moss,21916,,ENABLE
Chick Peas - Dried,B222-E3333,Bradypus tridactylus,Notable Wattle,8457,,DISABLED
Danishes - Mini Raspberry,G222-T3333,Amazona sp.,Florida Mimosa,60868,,DISABLED
Red Currant Jelly,Q222-B3333,Pseudocheirus peregrinus,Ant Tree,27786,,DISABLED
Mushroom - Enoki, Dry,N222-U3333,Butorides striatus,Turban Sedge,32780,,ENABLE
Foil - 4oz Custard Cup,W222-H3333,Podargus strigoides,Nodding Thelypody,18722,,ENABLE
Puree - Pear,J222-Q3333,Corvus albicollis,Cachimbo De Maricao,31094,,DISABLED
Juice - Clam, 46 Oz,B222-Y3333,Trichoglossus chlorolepidotus,Rushy Milkvetch,59526,,DISABLED
Lid Coffee Cup 8oz Blk,A222-B3333,Psophia viridis,Brown Widelip Orchid,13424,,DISABLED
Soup - Campbells Bean Medley,L222-Z3333,Cynomys ludovicianus,Eastern Redcedar,56084,,ENABLE
Bay Leaf Ground,E222-F3333,Dipodomys deserti,Prairie Crab Apple,61261,,DISABLED
Sambuca Cream,E222-J3333,Phoenicopterus ruber,Pacific Panicgrass,20357,,DISABLED
Wine - Rosso Toscano Igt,K222-I3333,Mazama gouazoubira,Dropseed Rockcress,49681,,DISABLED
Pail With Metal Handle 16l White,P222-J3333,Mazama gouazoubira,Smooth Brome,31293,,ENABLE
Pork - Loin, Boneless,B222-J3333,Leipoa ocellata,Fragile Pinkfringe,38463,,DISABLED
Pickerel - Fillets,W222-F3333,Anitibyx armatus,Hairy Waterclover,98282,,ENABLE
Quail - Eggs, Fresh,R222-D3333,Eudyptula minor,Stiff Flower Star Orchid,24555,,ENABLE
Turkey - Breast, Double,B222-Q3333,Pycnonotus barbatus,Dot Lichen,84001,,DISABLED
Yukon Jack,W222-R3333,Carduelis uropygialis,Prairie Wedgescale,22887,,ENABLE
Doilies - 10, Paper,Z222-R3333,Oryx gazella,Stalked Bulrush,97968,,DISABLED
Ketchup - Tomato,D222-H3333,Nycticorax nycticorax,Dotleaf Waterlily,43393,,DISABLED
Jameson - Irish Whiskey,M222-G3333,Pelecanus conspicillatus,Threeleaf Derris,19062,,DISABLED
Cape Capensis - Fillet,I222-I3333,Bettongia penicillata,Kaweah Lakes Fawnlily,23578,,DISABLED
Cup - 3.5oz, Foam,Z222-Z3333,Varanus sp.,Moore's Brake,42011,,ENABLE
Oyster - In Shell,S222-S3333,Panthera onca,Bretonica Peluda,27060,,DISABLED
Pasta - Canelloni,Y222-T3333,Haliaeetus leucocephalus,Pitted Onion,50279,,DISABLED
Soupfoamcont12oz 112con,W222-X3333,Spilogale gracilis,Deer Goldenbush,98916,,DISABLED
Beer - Muskoka Cream Ale,N222-W3333,Felis silvestris lybica,Rough Hawksbeard,6346,,ENABLE
Spaghetti Squash,Y222-E3333,Mabuya spilogaster,Delta Maidenhair,52597,,DISABLED
Oil - Olive, Extra Virgin,C222-F3333,Zosterops pallidus,Supine Bean,51482,,ENABLE
Pike - Frozen Fillet,U222-M3333,Haematopus ater,Densespike Blazing Star,52177,,ENABLE
Bread - Multigrain,Y222-J3333,Phalaropus fulicarius,Horsehair Lichen,44551,,ENABLE
Bread - Multigrain, Loaf,D222-W3333,Anas bahamensis,Clustered Mille Graines,2093,,DISABLED
Bread - Onion Focaccia,S222-D3333,Trachyphonus vaillantii,California Rayless Fleabane,92016,,ENABLE
Grouper - Fresh,I222-N3333,Pelecans onocratalus,Beakgrain,59507,,ENABLE
Wine - White, Colubia Cresh,P222-S3333,Phascogale tapoatafa,Alpine Bistort,23746,,ENABLE
Schnappes - Peach, Walkers,T222-O3333,Haliaeetus leucoryphus,Sandaster,99779,,ENABLE
Juice - Orange 1.89l,W222-B3333,Corythornis cristata,Pink Alumroot,66567,,DISABLED
Kale - Red,P222-W3333,Bubalus arnee,Pore Lichen,27156,,ENABLE
Napkin - Beverage 1 Ply,T222-E3333,Chauna torquata,Blowout Beardtongue,51148,,ENABLE
Lamb - Leg, Boneless,M222-U3333,Vulpes vulpes,Clammy Groundcherry,98896,,DISABLED
Cheese - St. Andre,J222-J3333,Macaca mulatta,Devil's-pepper,96143,,ENABLE
Pepperoni Slices,G222-J3333,Canis aureus,Bishop's Milkvetch,59387,,DISABLED
Tart Shells - Sweet, 3,B222-B3333,Genetta genetta,Wright's Snakeweed,25031,,DISABLED
Sun - Dried Tomatoes,Z222-S3333,Sarcorhamphus papa,Bulbothrix Lichen,57883,,ENABLE
Cheese - Roquefort Pappillon,V222-M3333,unavailable,Frey's Beard Lichen,36763,,DISABLED
Bandage - Fexible 1x3,Z222-Q3333,Anthropoides paradisea,Sticky Pincushionplant,76556,,DISABLED
Sausage - Andouille,C222-H3333,Stenella coeruleoalba,Franklin's Hawthorn,78850,,DISABLED
Artichokes - Knobless, White,O222-S3333,Neotis denhami,Wildrye,72113,,DISABLED
Cake - Cheese Cake 9 Inch,J222-W3333,Merops nubicus,Manyleaf Gilia,67102,,ENABLE
Vodka - Lemon, Absolut,P222-A3333,Anhinga rufa,False Mastic,19935,,ENABLE
Muffin - Mix - Mango Sour Cherry,P222-C3333,Myiarchus tuberculifer,Bellemerea Lichen,31963,,DISABLED
Cheese - Boursin, Garlic / Herbs,C222-J3333,Vanellus armatus,Boreal Sagebrush,50630,,DISABLED
Bread - Pullman, Sliced,V222-C3333,Felis wiedi or Leopardus weidi,American Stickseed,71792,,DISABLED
Trueblue - Blueberry Cranberry,W222-I3333,Dasypus novemcinctus,Water Cracked Lichen,77590,,DISABLED
Milk - Condensed,X222-D3333,Francolinus coqui,Bright Green Dudleya,66065,,DISABLED
Veal - Osso Bucco,X222-Y3333,Lamprotornis superbus,Narrowflower Flaxflower,5143,,ENABLE
Soup - Canadian Pea, Dry Mix,A222-S3333,Hymenolaimus malacorhynchus,Racomitrium Moss,60250,,ENABLE
Tomatoes - Vine Ripe, Yellow,C222-A3333,Cynomys ludovicianus,Monkeyflower,82363,,ENABLE
Tray - Foam, Square 4 - S,K222-B3333,Bucephala clangula,Hairy Balsamroot,99452,,ENABLE
Dill - Primerba, Paste,R222-F3333,Salvadora hexalepis,Heartleaf Saxifrage,71734,,DISABLED
Hagen Daza - Dk Choocolate,M222-O3333,Zosterops pallidus,Pineland Passionflower,52390,,DISABLED
Wine - Guy Sage Touraine,U222-V3333,Cordylus giganteus,Green Carpetweed,86768,,ENABLE
Bread - White Mini Epi,T222-D3333,Tayassu tajacu,Chirauli Nut,71122,,DISABLED
Kiwi Gold Zespri,C222-F3333,Chauna torquata,Blueberry Willow,33630,,ENABLE
Cake - Miini Cheesecake Cherry,R222-B3333,Butorides striatus,Illosporium Lichen,43782,,ENABLE
Potatoes - Peeled,W222-B3333,Butorides striatus,Leatherstem,2943,,DISABLED
Pears - Bosc,V222-G3333,Dasyurus maculatus,Punctelia,79984,,ENABLE
Pork - Bacon, Sliced,Z222-N3333,Oreamnos americanus,Carite Babyboot Orchid,4861,,ENABLE
Egg Patty Fried,M222-E3333,Gyps fulvus,Mojave Spurge,48430,,DISABLED
Beef - Ground Lean Fresh,I222-E3333,Lasiodora parahybana,Iron Fern,39123,,ENABLE
Curry Paste - Madras,J222-M3333,Ardea golieth,Aster,7883,,DISABLED
Wine - Red, Cabernet Merlot,L222-E3333,Bubalornis niger,Tailed Strapfern,75675,,DISABLED
Sambuca - Opal Nera,O222-W3333,Phoca vitulina,Pagoda-plant,41186,,DISABLED
Garam Masala Powder,A222-I3333,Loris tardigratus,Melanelia Lichen,77016,,ENABLE
Longos - Burritos,N222-E3333,Streptopelia decipiens,Boreal Locoweed,94927,,ENABLE
Veal - Leg, Provimi - 50 Lb Max,K222-B3333,Cervus duvauceli,Edging Lobelia,21667,,DISABLED
Veal - Osso Bucco,S222-F3333,Pytilia melba,Idesia,67996,,ENABLE
Roe - Flying Fish,R222-A3333,Equus hemionus,Little Nipple Cactus,92652,,ENABLE
Bagel - 12 Grain Preslice,R222-X3333,Libellula quadrimaculata,Limestone Bugheal,22670,,DISABLED
Spice - Onion Powder Granulated,D222-G3333,Capra ibex,Rimelia Lichen,61503,,DISABLED
Pastry - Plain Baked Croissant,C222-P3333,Deroptyus accipitrinus,Small Camas,26310,,ENABLE
Syrup - Chocolate,W222-R3333,Anhinga rufa,Hairy-tuft Four O'clock,85910,,ENABLE
Swiss Chard,A222-L3333,Uraeginthus angolensis,Modoc Plateau Milkvetch,2388,,DISABLED
Cheese - Goat With Herbs,Z222-V3333,Ursus americanus,Parish's Rabbitbrush,97522,,DISABLED
Pears - Anjou,N222-B3333,Vulpes chama,Cinnamon Astrothelium Lichen,18600,,ENABLE
Flour - Buckwheat, Dark,O222-F3333,Mazama americana,Paradise Apple,41867,,ENABLE
Muffin Mix - Chocolate Chip,P222-W3333,Paroaria gularis,Shasta Lupine,7655,,ENABLE
Mace Ground,K222-E3333,Otaria flavescens,Beet,52397,,ENABLE
Table Cloth 53x53 White,G222-S3333,unavailable,Merced Clarkia,13338,,ENABLE
Vinegar - Balsamic,K222-N3333,Myrmecophaga tridactyla,Harvest Brodiaea,57277,,DISABLED
Lemonade - Natural, 591 Ml,L222-E3333,Canis lupus baileyi,Western Bog Yellowcress,68931,,ENABLE
Squash - Pattypan, Yellow,X222-R3333,Spermophilus armatus,Plains Springparsley,84615,,DISABLED
Wine - Prosecco Valdobienne,L222-J3333,Lamprotornis chalybaeus,Stiff Bluestar,49742,,ENABLE
Jello - Assorted,G222-R3333,Kobus defassa,Rigid Sedge,3152,,DISABLED
Flour - Semolina,D222-T3333,Macaca mulatta,Pineland St. Johnswort,47969,,DISABLED
Wine - Clavet Saint Emilion,F222-A3333,Oryx gazella,Daisy Desertstar,34990,,ENABLE
Table Cloth 53x53 White,K222-T3333,Dendrocitta vagabunda,Blue Wiss,97425,,ENABLE
Mustard - Individual Pkg,F222-F3333,Physignathus cocincinus,Whitespot,62429,,ENABLE
Shrimp - Tiger 21/25,N222-D3333,Procyon lotor,Corn Gromwell,3156,,ENABLE
Pop - Club Soda Can,P222-U3333,Nyctanassa violacea,Munz's Hedgehog Cactus,55746,,ENABLE
Wine - Champagne Brut Veuve,M222-Z3333,Haematopus ater,Sweetgrass,32977,,DISABLED
Beef Flat Iron Steak,D222-A3333,Corvus albus,Mogollon Mountain Lousewort,33180,,ENABLE
Soup - Campbells Beef Stew,W222-G3333,Dasyurus maculatus,Western Mountain Ash,5744,,ENABLE
Beans - Black Bean, Preserved,Q222-Z3333,Psittacula krameri,Lethariicola Lichen,23394,,ENABLE
Chicken Thigh - Bone Out,I222-D3333,Ovibos moschatus,Eastern Hayscented Fern,22225,,DISABLED
Potatoes - Peeled,W222-E3333,Papio cynocephalus,Mamey De Cura,89257,,ENABLE
Kahlua,X222-F3333,Melanerpes erythrocephalus,Strigose Bird's-foot Trefoil,70085,,ENABLE
Dehydrated Kelp Kombo,Z222-K3333,Gymnorhina tibicen,Winged Buckwheat,57682,,DISABLED
Cheese - Boursin, Garlic / Herbs,N222-Y3333,Lama glama,Chee Reedgrass,11545,,DISABLED
Tuna - Fresh,H222-X3333,Rhea americana,Canyon Cupgrass,68001,,DISABLED
Pork - Hock And Feet Attached,S222-F3333,Pelecans onocratalus,Hulumoa,20138,,ENABLE
Olives - Green, Pitted,R222-K3333,Thalasseus maximus,Soft Fox Sedge,77788,,ENABLE
Munchies Honey Sweet Trail Mix,Z222-N3333,Ara chloroptera,Foothill Larkspur,49311,,DISABLED
Flour - Rye,S222-L3333,Ornithorhynchus anatinus,Brachythecium Moss,22542,,DISABLED
Fiddlehead - Frozen,U222-R3333,Dicrostonyx groenlandicus,Grassland Tarweed,43371,,ENABLE
Tea - Earl Grey,M222-Y3333,Alopex lagopus,Winter Bentgrass,84997,,DISABLED
Wine - Barossa Valley Estate,X222-O3333,Bucephala clangula,Colutea,95914,,ENABLE
Bar Bran Honey Nut,N222-M3333,Axis axis,Oregon Semaphoregrass,57635,,DISABLED
Ice Cream Bar - Hageen Daz To,M222-Y3333,Geochelone elephantopus,Silvery Sedge,61541,,ENABLE
Bread - Hamburger Buns,I222-H3333,Gyps bengalensis,Glade Lobelia,33886,,ENABLE
Coffee Beans - Chocolate,E222-F3333,Camelus dromedarius,California Barberry,27552,,ENABLE
Ice Cream - Strawberry,N222-Q3333,Cercopithecus aethiops,Largeflower Hawksbeard,13121,,ENABLE
Soup - Cream Of Broccoli, Dry,Z222-Y3333,Ara ararauna,Island Goldback Fern,8727,,ENABLE
Lighter - Bbq,J222-C3333,Hyaena brunnea,Andrews' Rhizomnium Moss,30052,,ENABLE
Beer - Alexander Kieths, Pale Ale,Z222-Y3333,Pelecans onocratalus,Shepardscress,72999,,ENABLE
Bread - Mini Hamburger Bun,W222-R3333,Cervus duvauceli,Bartram's Tortula Moss,7477,,DISABLED
Pepperoni Slices,Z222-E3333,Recurvirostra avosetta,Giant Swordfern,32979,,ENABLE
Grapes - Green,E222-C3333,Ammospermophilus nelsoni,Plateau False Foxglove,23951,,ENABLE
Eggplant Oriental,P222-V3333,Lycaon pictus,Hawai'i Holly,45553,,DISABLED
Dill Weed - Fresh,I222-R3333,Pteronura brasiliensis,Oxygen-weed,10285,,ENABLE
Red Snapper - Fresh, Whole,V222-H3333,Spermophilus parryii,Pallas' Buttercup,90748,,ENABLE
Beer - Corona,H222-O3333,Cyrtodactylus louisiadensis,Northern Moonwort,34841,,DISABLED
Pastry - Chocolate Chip Muffin,Q222-L3333,Pavo cristatus,White Star Apple,24127,,ENABLE
Coke - Diet, 355 Ml,J222-N3333,Bucorvus leadbeateri,Woolly Burdock,87991,,DISABLED
Lamb - Whole, Frozen,B222-Y3333,Coluber constrictor,Roughpod Bladderpod,75092,,ENABLE
Fish - Scallops, Cold Smoked,L222-I3333,Tenrec ecaudatus,Brazilian Watergrass,66234,,DISABLED
Cheese - Provolone,H222-S3333,Acrobates pygmaeus,Tamarisk,31385,,DISABLED
Liqueur - Melon,J222-X3333,Sciurus vulgaris,Puerto Rico Swallow-wort,58746,,DISABLED
Carbonated Water - Wildberry,Q222-Q3333,Sula nebouxii,Wright's Spiderwort,5444,,DISABLED
Pear - Packum,D222-T3333,Sylvicapra grimma,Glaucus Willowherb,15011,,ENABLE
Fuji Apples,E222-D3333,Fulica cristata,Silverbell,88181,,ENABLE
Kellogs Special K Cereal,H222-D3333,Columba palumbus,Bird Spiderflower,66686,,ENABLE
Cookie Dough - Chunky,K222-T3333,Acrobates pygmaeus,Darmera,31747,,ENABLE
Seaweed Green Sheets,A222-P3333,Canis aureus,Melianthus,67256,,DISABLED
Flavouring - Rum,M222-O3333,Falco mexicanus,Mid Bladderpod,42884,,ENABLE
Chips Potato Swt Chilli Sour,P222-V3333,Tiliqua scincoides,Xanthoparmelia Lichen,41333,,DISABLED
Quail - Jumbo,P222-I3333,Gyps fulvus,Port Huron Hawthorn,55627,,ENABLE
Island Oasis - Banana Daiquiri,P222-R3333,Cyrtodactylus louisiadensis,Rumohra,75779,,ENABLE
Wine - Taylors Reserve,P222-G3333,Pavo cristatus,Roadside Bristlegrass,35853,,DISABLED
Longos - Grilled Veg Sandwiches,W222-N3333,Varanus salvator,Chiricahua Neofuscelia Lichen,41992,,DISABLED
Calvados - Boulard,L222-B3333,Cynomys ludovicianus,Molassesgrass,50351,,DISABLED
Magnotta - Bel Paese White,L222-G3333,Dolichitus patagonum,Hybrid Willow,37026,,ENABLE
Sausage - Meat,Q222-G3333,Conolophus subcristatus,Clammy Clover,21157,,DISABLED
Pur Value,L222-R3333,Turtur chalcospilos,New London Hawthorn,46417,,ENABLE
Lemonade - Black Cherry, 591 Ml,S222-X3333,Buteo regalis,Netleaf Willow,70976,,ENABLE
Fond - Neutral,W222-G3333,Naja haje,Open Lupine,11191,,DISABLED
Beef - Shank,W222-S3333,unavailable,Chamisso Arnica,32756,,ENABLE
Asparagus - Mexican,G222-M3333,Haematopus ater,Cheesewood,11903,,ENABLE
Apricots - Halves,M222-I3333,Porphyrio porphyrio,Balsam Of Tolu,80302,,ENABLE
Wine - Sicilia Igt Nero Avola,N222-D3333,Ceratotherium simum,Howell's Jewelflower,7424,,ENABLE
Foil Wrap,N222-H3333,Turtur chalcospilos,Dot Lichen,4201,,ENABLE
Beer - Sleemans Cream Ale,Z222-E3333,Crotaphytus collaris,Ahlner's Microcalicium Lichen,30547,,DISABLED
Blue Curacao - Marie Brizard,T222-R3333,Agkistrodon piscivorus,Swamp White Oak,4852,,ENABLE
Oil - Shortening,liqud, Fry,F222-G3333,Hyaena brunnea,Purple Sage,14481,,DISABLED
Appetizer - Sausage Rolls,S222-D3333,Castor canadensis,Prickly Goldenfleece,11933,,DISABLED
Bread - White, Unsliced,Q222-C3333,Crocuta crocuta,Cherangani Clover,94547,,ENABLE
Bagel - Everything Presliced,B222-X3333,Ciconia episcopus,New Mexico Fameflower,46255,,ENABLE
Oil - Canola,X222-J3333,unavailable,Slender Parsley Piert,24727,,ENABLE
Chocolate - Milk,D222-C3333,Smithopsis crassicaudata,Rannoch-rush,92023,,ENABLE
Juice - Apple 284ml,P222-Y3333,Oncorhynchus nerka,Tree Cholla,63079,,DISABLED
Jam - Raspberry,Y222-K3333,Echimys chrysurus,Giant Wakerobin,76407,,ENABLE
Corn - On The Cob,U222-L3333,Colobus guerza,Delicate Lacefern,10846,,DISABLED
Jam - Apricot,P222-M3333,Erinaceus frontalis,Alkali Yellowtops,9639,,ENABLE
Pepperoni Slices,P222-Z3333,Corvus albicollis,Northwest Sandbar Willow,56562,,ENABLE
Cucumber - English,R222-X3333,Bos mutus,European Thimbleweed,9995,,DISABLED
Veal - Liver,Y222-A3333,Phalacrocorax albiventer,Wart Lichen,26024,,ENABLE
Tomatoes - Grape,Z222-J3333,Trachyphonus vaillantii,Suksdorf's Lupine,70953,,DISABLED
Lid Tray - 12in Dome,F222-K3333,Orcinus orca,Hairy Cat's Ear,37915,,ENABLE
Nut - Pine Nuts, Whole,R222-E3333,Falco peregrinus,Century Plant,88967,,DISABLED
Numi - Assorted Teas,T222-V3333,Eudyptula minor,Bigpod Ceanothus,66556,,ENABLE
Lemonade - Kiwi, 591 Ml,N222-E3333,Phoca vitulina,Sagebrush Buttercup,17150,,DISABLED
Aspic - Light,W222-Y3333,Cacatua tenuirostris,Serpentine Phacelia,96524,,ENABLE
Bread - 10 Grain Parisian,Y222-E3333,Actophilornis africanus,Woolbearing Dandelion,55737,,DISABLED
Juice - Lemon,F222-T3333,Oryx gazella,Wright's Prairie Clover,18302,,DISABLED
Foil - Round Foil,U222-A3333,Axis axis,Cuban Hemp,85687,,DISABLED
Glycerine,L222-X3333,Isoodon obesulus,Lecidea Lichen,59397,,DISABLED
Wine - Touraine Azay - Le - Rideau,N222-J3333,Paroaria gularis,Summer Coralroot,27143,,DISABLED
Longos - Grilled Veg Sandwiches,A222-G3333,Spizaetus coronatus,Woodland Sensitive Pea,19862,,ENABLE
Lemon Pepper,G222-A3333,Ara chloroptera,Ctenolepis,52261,,ENABLE
Veal - Inside, Choice,X222-K3333,Papio ursinus,Porpidia Lichen,16206,,ENABLE
Shrimp - Black Tiger 8 - 12,W222-U3333,Nyctereutes procyonoides,Texas Bluestem,76154,,ENABLE
Turnip - White,O222-N3333,Galago crassicaudataus,Grannybush,28136,,DISABLED
Star Anise, Whole,I222-T3333,Manouria emys,Tennessee Quillwort,38481,,ENABLE
Flour - Bread,Z222-C3333,Dasyurus viverrinus,Smith's Buckthorn,99457,,ENABLE
Sugar - Individual Portions,Z222-W3333,Vulpes vulpes,Pubescent Sedge,73774,,DISABLED
Onion Powder,F222-F3333,Varanus salvator,Hulteniella,50291,,ENABLE
Curry Powder Madras,I222-F3333,Helogale undulata,Hairy Yerba Santa,90588,,DISABLED
Nut - Pistachio, Shelled,E222-I3333,Lama guanicoe,Dwarf Brodiaea,60945,,DISABLED
Oats Large Flake,U222-W3333,Cynomys ludovicianus,Fissidens Moss,69243,,DISABLED
Salmon - Whole, 4 - 6 Pounds,D222-J3333,Anitibyx armatus,Siskiyou Mountain Woodland-star,42296,,DISABLED
Eggplant - Regular,E222-D3333,Alcelaphus buselaphus cokii,Aaron's Rod,66778,,ENABLE
Sour Cream,B222-O3333,Ardea golieth,Jelly Lichen,66729,,DISABLED
Muffins - Assorted,H222-Y3333,Oxybelis sp.,Tweedy's Plantain,74627,,DISABLED
Juice - Ocean Spray Cranberry,U222-Z3333,Lama glama,Hypnum Moss,35058,,DISABLED
Chinese Foods - Chicken Wing,R222-S3333,Iguana iguana,Rocky Mountain Woodsia,18589,,ENABLE
Chef Hat 20cm,T222-I3333,Ctenophorus ornatus,Fairy Beaksedge,91811,,ENABLE
Honey - Liquid,G222-A3333,Toxostoma curvirostre,Threepetal Bedstraw,26109,,ENABLE
Anchovy Fillets,V222-G3333,unavailable,Roving Pricklypear,70995,,ENABLE
Pasta - Lasagna Noodle, Frozen,U222-O3333,Anas bahamensis,Bog Clermontia,46186,,DISABLED
Mace Ground,V222-N3333,Fratercula corniculata,Freckled Milkvetch,49539,,ENABLE
Smirnoff Green Apple Twist,X222-D3333,Canis lupus lycaon,Phlyctidia Lichen,50366,,ENABLE
Pasta - Detalini, White, Fresh,J222-O3333,Felis libyca,United Blazingstar,51096,,DISABLED
Container - Hngd Cll Blk 7x7x3,V222-B3333,Dusicyon thous,Smooth Oxeye,64104,,DISABLED
Club Soda - Schweppes, 355 Ml,I222-X3333,Kobus defassa,Dietes,16256,,ENABLE
Cranberry Foccacia,C222-L3333,Antilocapra americana,Starry Rosinweed,14220,,DISABLED
Cauliflower,F222-W3333,Nasua nasua,Shortflower Monkeyflower,46017,,ENABLE
Veal - Nuckle,A222-A3333,Passer domesticus,Bryum Moss,8466,,DISABLED
Melon - Cantaloupe,K222-S3333,Equus burchelli,Indian Sandbur,82916,,DISABLED
Oysters - Smoked,P222-Y3333,Uraeginthus granatina,Lanceleaf Wild Licorice,22981,,ENABLE
Lettuce - Lolla Rosa,G222-Q3333,Chauna torquata,Red Maple,70424,,ENABLE
Cabbage - Nappa,X222-B3333,Morelia spilotes variegata,Canna,15946,,DISABLED
Turkey - Oven Roast Breast,T222-M3333,Pseudalopex gymnocercus,Elettaria,59283,,ENABLE
Chicken - Whole,I222-X3333,Sciurus vulgaris,Sandweed,65416,,DISABLED
Shrimp - 31/40,B222-N3333,Paroaria gularis,Slender Crabgrass,39043,,DISABLED
Everfresh Products,C222-W3333,Ovis dalli stonei,Nodding Clover,99028,,ENABLE
Puree - Mango,O222-M3333,Pan troglodytes,Bermuda Palm,66417,,ENABLE
Dikon,U222-W3333,Paraxerus cepapi,Edwards Plateau Thimbleweed,98574,,ENABLE
Stock - Chicken, White,Y222-M3333,Hystrix indica,Disc Lichen,32053,,DISABLED
Tomatoes - Heirloom,D222-B3333,Hydrochoerus hydrochaeris,Bluebill,93182,,ENABLE
Stock - Chicken, White,I222-L3333,Ursus americanus,Mint Vervain,17750,,ENABLE
Bacardi Breezer - Strawberry,H222-H3333,Mycteria leucocephala,Mendocino Spineflower,66063,,ENABLE
Ezy Change Mophandle,T222-V3333,Tayassu pecari,Smallpetal Cinquefoil,63785,,ENABLE
Nut - Pecan, Pieces,S222-U3333,Gyps bengalensis,Hartweg's Milkvetch,49501,,DISABLED
Rice - Sushi,S222-Y3333,Uraeginthus granatina,Pretty Cinquefoil,4542,,DISABLED
Cookie Dough - Chunky,P222-N3333,Panthera pardus,Horn-leaved Takakia,78513,,ENABLE
Bagel - Ched Chs Presliced,S222-N3333,Aquila chrysaetos,Basin Nemophila,12803,,DISABLED
Beer - Original Organic Lager,W222-N3333,Phalaropus fulicarius,Curvepod Fumewort,57680,,DISABLED
Longos - Assorted Sandwich,B222-E3333,Bassariscus astutus,European Dewberry,74388,,ENABLE
Ice Cream - Strawberry,B222-T3333,Damaliscus lunatus,Crabseye Lichen,23609,,DISABLED
Pepper - White, Whole,U222-R3333,Proteles cristatus,Black Mangrove,75579,,ENABLE
Ham - Procutinni,U222-Y3333,Callipepla gambelii,Apacheria,91476,,ENABLE
Tomatoes - Diced, Canned,H222-Q3333,Corvus brachyrhynchos,Balm,53810,,ENABLE
Cornish Hen,Z222-B3333,Chlidonias leucopterus,Itchgrass,96414,,ENABLE
Juice - Orangina,L222-B3333,Funambulus pennati,Rosette Lichen,40068,,ENABLE
Wine - Rhine Riesling Wolf Blass,P222-L3333,Anitibyx armatus,Oregon White Oak,35009,,ENABLE
Red Pepper Paste,S222-W3333,Buteo jamaicensis,Sargent's Cypress,80455,,DISABLED
Shallots,U222-Y3333,Castor canadensis,White Prairie Aster,66112,,ENABLE
Table Cloth 53x53 White,F222-N3333,unavailable,Tundra Milkvetch,38930,,ENABLE
Wine - Chenin Blanc K.w.v.,C222-V3333,Colaptes campestroides,American Cupscale,38898,,DISABLED
Pasta - Orzo, Dry,U222-G3333,Canis lupus,Wand Blackroot,73423,,DISABLED
Wine - Baron De Rothschild,S222-C3333,Castor fiber,'ohi'a Lehua,54383,,DISABLED
Sour Cream,S222-L3333,Pelecanus occidentalis,Knifeleaf Condalia,80298,,DISABLED
Soup - Cream Of Broccoli,A222-U3333,Anas punctata,Asterophoma Lichen,7465,,ENABLE
Cod - Fillets,Z222-J3333,Rana sp.,Grimy Mousetail,49945,,ENABLE
Phyllo Dough,P222-C3333,Colaptes campestroides,Nodding Broomrape,16574,,ENABLE
Tomato - Peeled Italian Canned,A222-P3333,Cathartes aura,Rose Mock Vervain,88580,,DISABLED
Tomatoes - Cherry, Yellow,M222-I3333,Ciconia ciconia,Twocolor Phacelia,79654,,ENABLE
Soup Bowl Clear 8oz92008,O222-J3333,Manouria emys,Mat Prickly Phlox,13629,,ENABLE
Olives - Green, Pitted,H222-Q3333,Alopex lagopus,Bigleaf Mistletoe,45769,,ENABLE
Beer - Sleemans Honey Brown,D222-H3333,Macaca mulatta,Green Deathcamas,13376,,ENABLE
Cheese - Pied De Vents,P222-R3333,Sitta canadensis,American Bluehearts,31567,,ENABLE
Mcgillicuddy Vanilla Schnap,M222-K3333,Ploceus rubiginosus,Snapdragon Penstemon,11864,,DISABLED
Nut - Almond, Blanched, Whole,K222-A3333,Larus dominicanus,Magalospora Lichen,69637,,DISABLED
External Supplier,F222-S3333,Theropithecus gelada,Orosne,75281,,DISABLED
Mints - Striped Red,K222-J3333,Graspus graspus,Hillside Clover Ash,32089,,ENABLE
Cloves - Ground,N222-A3333,Agelaius phoeniceus,Rye,43980,,ENABLE
Aspic - Clear,Q222-K3333,Geospiza sp.,Birdcage Evening Primrose,67809,,DISABLED
Marjoram - Fresh,I222-G3333,Eremophila alpestris,Norwegian Timmia Moss,94830,,DISABLED
Beef - Ground Lean Fresh,Y222-B3333,Ninox superciliaris,Matted Paspalum,14207,,ENABLE
Juice - Apple, 500 Ml,Q222-R3333,Milvus migrans,Lobed Fleabane,15916,,DISABLED
Yucca,H222-N3333,Ammospermophilus nelsoni,Great Yellow Woodsorrel,98327,,DISABLED
Pepsi - 600ml,M222-I3333,Cyrtodactylus louisiadensis,Winged Pea,18400,,ENABLE
Pomello,G222-S3333,Lophoaetus occipitalis,Pore Lichen,28985,,DISABLED
Bread Sour Rolls,M222-F3333,Morelia spilotes variegata,Oregon Bedstraw,57114,,DISABLED
Horseradish Root,E222-E3333,Helogale undulata,Mountain Rosette Lichen,39459,,ENABLE
Rappini - Andy Boy,X222-O3333,Acrobates pygmaeus,Mccalla's Willow,58306,,DISABLED
Wine - Chateauneuf Du Pape,Q222-M3333,Macropus parryi,Hawai'i Jadevine,50045,,ENABLE
Flour - Teff,A222-K3333,Snycerus caffer,Pineland Lobelia,28642,,ENABLE
Scallops 60/80 Iqf,F222-W3333,Uraeginthus granatina,Mesa Pepperwort,3542,,DISABLED
Cake - Sheet Strawberry,Y222-O3333,Coluber constrictor,Yellowcress,48505,,ENABLE
Beans - Kidney, Red Dry,F222-I3333,Sciurus vulgaris,Wrinkleleaf Goldenrod,28653,,DISABLED
Cod - Fillets,W222-H3333,Acrantophis madagascariensis,Mountain Aster,15591,,ENABLE
Cheese - Valancey,C222-M3333,unavailable,Texas Ringstem,79215,,ENABLE
Wine - Masi Valpolocell,A222-H3333,Hymenolaimus malacorhynchus,Reflexed Sedge,68746,,DISABLED
Beer - Rickards Red,J222-H3333,Vulpes chama,Lagascea,74363,,DISABLED
Spice - Chili Powder Mexican,Z222-U3333,Anas bahamensis,Southern Bog Clubmoss,90086,,DISABLED
Clams - Bay,I222-C3333,Tockus erythrorhyncus,Longleaf Spiderwort,72261,,ENABLE
Cornstarch,Q222-N3333,Spilogale gracilis,Beaumont Oak,93662,,ENABLE
Pepper - Black, Crushed,S222-V3333,Plocepasser mahali,Ridgetop Labordia,64248,,ENABLE
Lemon Tarts,J222-T3333,Leprocaulinus vipera,Hester's Foxtail Cactus,29877,,ENABLE
Irish Cream - Baileys,S222-A3333,Gyps bengalensis,New England Sedge,99397,,DISABLED
Pork - Chop, Frenched,N222-T3333,Ursus maritimus,Oreganillo Falso,37752,,ENABLE
Wine - Riesling Dr. Pauly,E222-J3333,Boa constrictor mexicana,Yosemite Stonecrop,9159,,DISABLED
Crab - Soft Shell,Q222-I3333,Ceryle rudis,New Mexico Xanthoparmelia Lichen,41612,,DISABLED
Cheese - Mozzarella,U222-M3333,Libellula quadrimaculata,Mesa Pepperwort,49153,,DISABLED
Puff Pastry - Slab,I222-J3333,Leptoptilos crumeniferus,Onion Blanketflower,34253,,ENABLE
Goat - Whole Cut,U222-W3333,Aonyx capensis,Arizona Ticktrefoil,88959,,ENABLE
Marjoram - Fresh,P222-S3333,Varanus salvator,Polynesian 'ohe,17092,,DISABLED
Okra,D222-P3333,Hippotragus niger,White Panicle Aster,13475,,DISABLED
Pastry - Apple Muffins - Mini,Y222-O3333,unavailable,Common Townsend Daisy,44917,,ENABLE
Shrimp, Dried, Small / Lb,O222-N3333,Aegypius occipitalis,Cascade Knotweed,65569,,ENABLE
Carroway Seed,F222-I3333,Diomedea irrorata,White Wand Beardtongue,66651,,ENABLE
Carbonated Water - Strawberry,W222-I3333,Potorous tridactylus,Hairy Gumweed,22463,,DISABLED
Bread - Bagels, Plain,L222-X3333,Crotalus cerastes,Carrasco,60376,,DISABLED
Pastry - Butterscotch Baked,B222-L3333,Canis lupus lycaon,Aruncus,26381,,DISABLED
Eggplant Oriental,O222-Z3333,Castor canadensis,Redpurple Ragwort,70559,,DISABLED
Shiro Miso,F222-P3333,Irania gutteralis,Hybrid Fuchsia,1953,,ENABLE
Vinegar - Balsamic, White,Y222-E3333,Geochelone radiata,Hairy Melicope,64427,,DISABLED
Turkey - Breast, Smoked,A222-U3333,Macropus fuliginosus,Small Camas,37073,,ENABLE
Sprouts Dikon,S222-G3333,Meleagris gallopavo,Ptilium Moss,45589,,DISABLED
Chocolate Bar - Smarties,K222-J3333,Spermophilus parryii,Largeleaf Cup Lichen,55783,,ENABLE
Longos - Chicken Curried,I222-V3333,Lorythaixoides concolor,Tree Fern,45601,,DISABLED
Asparagus - Frozen,M222-J3333,Tiliqua scincoides,Smithton Peppermint Gum,85310,,DISABLED
Spice - Chili Powder Mexican,A222-Q3333,Graspus graspus,Trailing Windmills,41928,,ENABLE
Creme De Cacao Mcguines,V222-M3333,Smithopsis crassicaudata,Strapwort,42829,,DISABLED
Wine - Masi Valpolocell,O222-S3333,Tiliqua scincoides,Lemmon's Milkvetch,74547,,ENABLE
Guinea Fowl,D222-J3333,Canis aureus,Uvilla,12771,,ENABLE
Chocolate - Dark Callets,I222-W3333,Ceratotherium simum,Bristly Hawkbit,96935,,DISABLED
Oil - Macadamia,V222-U3333,Coluber constrictor,Hairy Thread Lichen,60608,,ENABLE
Tortillas - Flour, 8,Q222-T3333,Phalacrocorax carbo,Catalina Orange Lichen,56512,,DISABLED
Emulsifier,K222-G3333,Castor canadensis,Desert Wishbone-bush,49454,,ENABLE
Milk - 2% 250 Ml,T222-C3333,Ephipplorhynchus senegalensis,Wherry's Pitcherplant,44642,,DISABLED
Wine - Cousino Macul Antiguas,E222-P3333,Phalaropus fulicarius,Bryson's Sedge,10556,,ENABLE
Soup - Chicken And Wild Rice,R222-F3333,Sylvicapra grimma,Macawflower,51711,,DISABLED
Pepper - Jalapeno,Z222-X3333,Milvago chimachima,Labrador Cup Lichen,59079,,ENABLE
Table Cloth 90x90 White,X222-V3333,Ursus maritimus,San Clemente Island Woodland-star,48607,,ENABLE
Beef - Striploin,K222-M3333,Bubulcus ibis,Great Plains Sedge,56944,,ENABLE
Bread - Onion Focaccia,E222-T3333,Gyps bengalensis,Trailing Fenugreek,70829,,DISABLED
Coffee Swiss Choc Almond,J222-Q3333,Globicephala melas,Bastardcabbage,14890,,ENABLE
Cookie Dough - Oatmeal Rasin,G222-Y3333,Motacilla aguimp,Needle Spikerush,71437,,ENABLE
Vermouth - Sweet, Cinzano,O222-N3333,Nucifraga columbiana,Longleaf Brickellbush,45705,,ENABLE
Juice - Grapefruit, 341 Ml,M222-B3333,unavailable,Florida Pellitory,45302,,ENABLE
Bacardi Limon,E222-L3333,Colobus guerza,Longcapsule Suncup,44213,,DISABLED
Cabbage - Green,M222-D3333,Toxostoma curvirostre,Nevin's Barberry,19725,,ENABLE
Mix - Cocktail Ice Cream,B222-L3333,Tadorna tadorna,Green River Milkvetch,70326,,ENABLE
Chocolate Bar - Oh Henry,K222-V3333,Tiliqua scincoides,Florida Keys Seagrass,10859,,ENABLE
Ranchero - Primerba, Paste,L222-K3333,Vanessa indica,Tres Cabezas,11837,,ENABLE
Banana - Leaves,K222-M3333,Buteo galapagoensis,Bladder Pod,38332,,ENABLE
Cabbage Roll,P222-C3333,Francolinus coqui,Pyrenopsis Lichen,2903,,DISABLED
Pasta - Lasagne, Fresh,I222-B3333,Paraxerus cepapi,Sunset Lupine,63489,,DISABLED
Pimento - Canned,P222-P3333,Isoodon obesulus,Klinggraeff's Bryum Moss,76309,,ENABLE
Soup - Campbells Mushroom,D222-V3333,unavailable,Cavedwelling Evening Primrose,48434,,ENABLE
Pork - Bacon Cooked Slcd,T222-Z3333,Helogale undulata,Common Threesquare,30577,,DISABLED
Cheese - Swiss Sliced,N222-A3333,Macropus eugenii,American Speedwell,73337,,DISABLED
Soup - Base Broth Chix,M222-D3333,Thylogale stigmatica,Jamaican Nightshade,24230,,ENABLE
Wine - Stoneliegh Sauvignon,K222-U3333,Macropus robustus,Climbing Fetterbush,60620,,ENABLE
Beer - Muskoka Cream Ale,G222-Z3333,Geochelone elegans,Quararibea,55978,,ENABLE
Wine - Wyndham Estate Bin 777,M222-R3333,Galago crassicaudataus,Flatcrown Buckwheat,74616,,ENABLE
Soup - Campbells Pasta Fagioli,M222-M3333,Eudromia elegans,Wailai Pali Clermontia,93799,,ENABLE
Chocolate - Milk Coating,V222-L3333,Ictonyx striatus,Great St. Johnswort,98700,,DISABLED
Salmon - Atlantic, Skin On,V222-H3333,Elephas maximus bengalensis,Piedmont Rhododendron,81821,,ENABLE
Nori Sea Weed - Gold Label,N222-Y3333,Gyps bengalensis,Northern Black Currant,71986,,DISABLED
Cheese - Provolone,X222-Q3333,Pycnonotus nigricans,Turpentine Mulga,80060,,ENABLE
Sausage - Chorizo,W222-P3333,Ursus americanus,Oregon Orange Lichen,53546,,DISABLED
Sobe - Orange Carrot,B222-U3333,Mycteria leucocephala,Flor Impia,21863,,DISABLED
Sansho Powder,N222-W3333,Chelodina longicollis,Adams' Manzanita,51781,,ENABLE
Pasta - Orecchiette,Y222-T3333,Tiliqua scincoides,Waianae Range Hala Pepe,45425,,DISABLED
Sauce - Alfredo,G222-R3333,Ratufa indica,Cow Tree,47605,,ENABLE
Pasta - Agnolotti - Butternut,K222-O3333,Ursus americanus,Blue Ridge Horsebalm,47565,,ENABLE
Salt - Celery,A222-L3333,Acrobates pygmaeus,Hourglass Peaseed,98142,,ENABLE
Cup - 3.5oz, Foam,L222-X3333,Lemur catta,Beaver Indian Breadroot,88550,,ENABLE
Broom - Corn,U222-A3333,Threskionis aethiopicus,Slender Clubmoss,43611,,ENABLE
Bagel - Ched Chs Presliced,A222-R3333,Isoodon obesulus,Sunn Hemp,99825,,ENABLE
Beef - Ground Lean Fresh,W222-M3333,Equus hemionus,Krapovickasia,85551,,ENABLE
Prunes - Pitted,B222-M3333,Cathartes aura,Todsen's False Pennyroyal,53297,,DISABLED
Nestea - Ice Tea, Diet,E222-A3333,Aegypius tracheliotus,Nevada Jacob's-ladder,21165,,DISABLED
Wine - Red, Metus Rose,G222-C3333,Spheniscus mendiculus,Palmer's Buckwheat,94863,,ENABLE
Chocolate Bar - Oh Henry,X222-L3333,Sylvicapra grimma,Morrito,42337,,DISABLED
Pate - Cognac,B222-Z3333,Larus dominicanus,Western Oakfern,79257,,ENABLE
Calaloo,G222-C3333,Pituophis melanaleucus,Tropical Brackenfern,55499,,DISABLED
Sauce - Fish 25 Ozf Bottle,R222-K3333,Colobus guerza,Greater Water Dock,29828,,DISABLED
Wine - Red, Mosaic Zweigelt,O222-M3333,Procyon lotor,African Jointfir,80987,,DISABLED
Buffalo - Striploin,X222-O3333,Graspus graspus,Seminole Balsamo,89138,,ENABLE
Creme De Cacao White,R222-X3333,Passer domesticus,Green Slender Lupine,84759,,DISABLED
Pastry - Lemon Danish - Mini,B222-A3333,Ploceus intermedius,Longtube Iris,72038,,DISABLED
Glass Clear 8 Oz,W222-R3333,Lamprotornis superbus,Eggleaf Twayblade,26792,,ENABLE
Energy - Boo - Koo,Q222-C3333,Zenaida asiatica,Shield Lichen,51543,,DISABLED
Garlic - Primerba, Paste,N222-T3333,Pavo cristatus,Stalkgrass,37121,,DISABLED
Soup - Campbells Tomato Ravioli,X222-T3333,Ardea golieth,Willowleaf Yellowhead,45115,,ENABLE
Lamb Rack - Ontario,O222-U3333,Tursiops truncatus,San Bernardino Milkvetch,23583,,ENABLE
Milk - Buttermilk,W222-A3333,Butorides striatus,Thurovia,41292,,ENABLE
Sobe - Cranberry Grapefruit,T222-V3333,Thylogale stigmatica,Heath Wrightwort,41139,,DISABLED
Mint - Fresh,H222-I3333,Gyps fulvus,Tarweed,12203,,DISABLED
Stock - Veal, White,K222-L3333,Lemur catta,Pickerelweed,93739,,DISABLED
Pomegranates,U222-P3333,Lasiodora parahybana,Tapertip Desertparsley,14089,,DISABLED
Cheese - Swiss Sliced,N222-D3333,Ursus americanus,Beard Lichen,52560,,ENABLE
Lotus Root,R222-X3333,Speotyte cuniculata,Michigan Lily,44778,,DISABLED
Fennel,J222-G3333,Macropus fuliginosus,Huachuca Mountain Ragwort,85720,,ENABLE
Truffle Cups Green,T222-D3333,Vulpes chama,Viviparous Spikerush,43454,,DISABLED
Sage Ground Wiberg,D222-P3333,Haliaetus leucogaster,Fuzzy Phacelia,16321,,ENABLE
Bread Sour Rolls,A222-A3333,Gopherus agassizii,Hybrid Willow,37849,,DISABLED
Cake Circle, Foil, Scallop,N222-M3333,Amphibolurus barbatus,Sterculia,89159,,ENABLE
Fruit Salad Deluxe,D222-P3333,Himantopus himantopus,Coastal Searocket,34561,,DISABLED
Bandage - Flexible Neon,L222-U3333,Oryx gazella,Hybrid Oak,62020,,DISABLED
Bouq All Italian - Primerba,G222-S3333,Falco mexicanus,Red Cottongrass,79171,,ENABLE
Apples - Sliced / Wedge,U222-G3333,Macropus agilis,Plagiothecium Moss,79960,,ENABLE
Lemon Pepper,U222-E3333,Ammospermophilus nelsoni,Minidoka Beardtongue,78483,,ENABLE
Puree - Blackcurrant,Z222-M3333,Felis silvestris lybica,Starlet Spineflower,24473,,ENABLE
Bagel - Ched Chs Presliced,O222-S3333,Bassariscus astutus,Fleabane,37498,,ENABLE
Chicken - Leg, Fresh,R222-G3333,Rhea americana,False Hollyfern,65703,,DISABLED
Split Peas - Green, Dry,B222-R3333,Felis libyca,Regal Pelargonium,5747,,ENABLE
Shrimp - 100 / 200 Cold Water,I222-E3333,Chionis alba,Widgeongrass,63874,,DISABLED
Baking Soda,R222-S3333,Larus dominicanus,Protothelenella Lichen,83695,,ENABLE
Appetizer - Mango Chevre,I222-U3333,Phalacrocorax carbo,Arizona Skeletonplant,88993,,DISABLED
Lettuce - Mini Greens, Whole,A222-U3333,Tadorna tadorna,Pagumpa Milkvetch,48841,,DISABLED
Madeira,M222-X3333,Stercorarius longicausus,Cape Thompson Draba,7758,,ENABLE
The Pop Shoppe - Cream Soda,N222-W3333,Lasiorhinus latifrons,Hornemann's Willowherb,4770,,ENABLE
Wine - Harrow Estates, Vidal,Z222-S3333,Fregata magnificans,Melia,19971,,ENABLE
Sugar - Invert,R222-M3333,Cyrtodactylus louisiadensis,Celandine,95709,,ENABLE
Soup - Campbellschix Stew,B222-J3333,Phalacrocorax carbo,Gray Saltbush,25583,,DISABLED
Tia Maria,I222-Q3333,Raphicerus campestris,Witch's Moneybags,61426,,DISABLED
Sauce - Hollandaise,G222-W3333,Ctenophorus ornatus,French Sorrel,32277,,ENABLE
Tortillas - Flour, 12,M222-C3333,Hyaena hyaena,Hoskett Meadows Lupine,18480,,DISABLED
Galliano,E222-O3333,Chauna torquata,Cup Lichen,93033,,DISABLED
Soupcontfoam16oz 116con,A222-P3333,Columba palumbus,Grisebach's Tribisee,99420,,ENABLE
Lemonade - Island Tea, 591 Ml,K222-P3333,Gyps bengalensis,Howe's Hedgehog Cactus,22511,,ENABLE
Bay Leaf,H222-B3333,Larus novaehollandiae,Plymouth Blackberry,44582,,ENABLE
Wine - Cava Aria Estate Brut,F222-D3333,Panthera leo persica,Thompson's Desertparsley,9662,,ENABLE
Pasta - Angel Hair,O222-T3333,Numida meleagris,Prairie Phlox,75420,,ENABLE
Sugar Thermometer,M222-L3333,Papilio canadensis,Hudson Bay Eyebright,8806,,ENABLE
Bread - Bagels, Plain,R222-U3333,Procyon cancrivorus,Waianae Range Alsinidendron,51811,,DISABLED
Vodka - Smirnoff,X222-C3333,Rhea americana,Peacock Sprangletop,50303,,DISABLED
Beer - True North Strong Ale,G222-V3333,Platalea leucordia,Alpine Poppy,77844,,ENABLE
Island Oasis - Pina Colada,E222-L3333,Ardea golieth,Drummond's Rush,22294,,ENABLE
Lemonade - Pineapple Passion,M222-O3333,Colobus guerza,Sitka Shield Lichen,78910,,DISABLED
Nantucket Pine Orangebanana,G222-U3333,Gopherus agassizii,Early Buttercup,76399,,ENABLE
Coriander - Ground,O222-C3333,Dasyurus maculatus,Siala,53059,,DISABLED
Sauce - Cranberry,A222-I3333,Chelodina longicollis,Bigfruit Evening Primrose,87485,,DISABLED
Cakes Assorted,X222-Q3333,Cebus apella,Arnold's Disc Lichen,21832,,ENABLE
Vermouth - Sweet, Cinzano,P222-N3333,Felis serval,Seagrass,30229,,DISABLED
Red Currants,J222-O3333,Delphinus delphis,Brown's Indian Rosewood,44860,,ENABLE
Lotus Rootlets - Canned,P222-K3333,Hyaena hyaena,Nun's-hood Orchid,25627,,DISABLED
Pastry - Choclate Baked,Q222-P3333,Egretta thula,Climbing Ilang-ilang,55808,,DISABLED
Pepper - Red Thai,Z222-J3333,Trachyphonus vaillantii,Thrift Mock Goldenweed,89321,,DISABLED
Venison - Racks Frenched,Q222-Q3333,Laniarius ferrugineus,Whitehair Goldenrod,76623,,ENABLE
Wine - Valpolicella Masi,R222-Q3333,Bos taurus,Nevada Buckwheat,33245,,ENABLE
Asparagus - White, Canned,T222-X3333,Pseudalopex gymnocercus,Pacific Bleeding Heart,75074,,DISABLED
Peas - Pigeon, Dry,G222-S3333,Ara ararauna,Goodding's Fameflower,75821,,DISABLED
Cheese - Swiss,I222-P3333,Bubalus arnee,Showy Mullein,42840,,ENABLE
Maintenance Removal Charge,G222-H3333,Antidorcas marsupialis,Ditrichum Moss,48075,,ENABLE
Milkettes - 2%,Z222-M3333,Felis caracal,Hypnum Moss,49663,,DISABLED
Wine - Sicilia Igt Nero Avola,K222-O3333,Dasyurus viverrinus,Pseudoleskeella Moss,26303,,ENABLE
Galliano,M222-Z3333,Dasypus novemcinctus,Heartleaf Saxifrage,37201,,ENABLE
Syrup - Golden, Lyles,L222-J3333,Trichosurus vulpecula,Eggers' Woodsorrel,18164,,ENABLE
Tuna - Sushi Grade,Y222-O3333,Thalasseus maximus,Upland Yellow Violet,75811,,ENABLE
Chocolate - Dark,R222-T3333,Gekko gecko,Shortspine Horsebrush,52050,,ENABLE
Wine - White, French Cross,E222-B3333,Balearica pavonina,Ornduff's Goldfields,97729,,DISABLED
Chocolate - Milk,G222-H3333,Vulpes chama,Mojave Phacelia,14775,,ENABLE
Campari,H222-P3333,Felis caracal,Johnston's Seaheath,84092,,DISABLED
Asparagus - Green, Fresh,O222-L3333,Corvus brachyrhynchos,San Luis Purple Sage,28427,,DISABLED
Beer - Steamwhistle,S222-U3333,Choriotis kori,Maricopa Milkvetch,7493,,ENABLE
Frangelico,I222-W3333,Gyps bengalensis,Cup Lichen,53438,,ENABLE
Truffle Paste,Y222-N3333,Cordylus giganteus,Eastern Straw Sedge,73528,,DISABLED
Energy Drink - Franks Pineapple,Q222-A3333,Gymnorhina tibicen,Scentbottle,86634,,DISABLED
Temperature Recording Station,Q222-K3333,Boa constrictor mexicana,Musky Stork's Bill,62313,,ENABLE
Tea - Jasmin Green,K222-T3333,Oncorhynchus nerka,Slender Spikerush,91568,,ENABLE
Pasta - Fusili, Dry,B222-E3333,Felis concolor,Kral's Yelloweyed Grass,21289,,ENABLE
Muffin Orange Individual,C222-J3333,Phasianus colchicus,Naupaka Kuahiwi,74719,,DISABLED
Jam - Raspberry,P222-I3333,Pan troglodytes,Manyfruit Cyanea,43678,,ENABLE
Bouillion - Fish,E222-U3333,Tayassu tajacu,Farwell's Blue-eyed Grass,15735,,ENABLE
Sauce - Caesar Dressing,I222-Y3333,Ara chloroptera,California Buckthorn,99954,,DISABLED
Wine - Semi Dry Riesling Vineland,A222-T3333,Butorides striatus,Rough Bellflower,5188,,DISABLED
Jello - Assorted,X222-I3333,Cabassous sp.,Phaeographis,69454,,ENABLE
Mousse - Mango,R222-R3333,Cynictis penicillata,Ditch Stonecrop,65294,,DISABLED
Pate - Liver,E222-U3333,Eolophus roseicapillus,Gladiolus,27179,,ENABLE
Tuna - Yellowfin,G222-S3333,Ardea golieth,Cottony Goldenaster,77621,,DISABLED
Water - Mineral, Natural,N222-R3333,Ardea cinerea,Rose Meadowsweet,36816,,DISABLED
Cheese - Cottage Cheese,D222-D3333,Naja nivea,Hawai'i Bristle Fern,53917,,DISABLED
Red Pepper Paste,J222-O3333,Pelecans onocratalus,Aleutian Cress,26653,,ENABLE
Wine - Chenin Blanc K.w.v.,T222-F3333,Sciurus vulgaris,Hybrid Ladyslipper,88963,,ENABLE
Sauce - Plum,D222-I3333,Nasua narica,Hooker's Milkwort,84743,,DISABLED
Lettuce - Lambs Mash,B222-M3333,Agkistrodon piscivorus,Mallee Honeymyrtle,50398,,ENABLE
Garlic - Elephant,V222-Y3333,Anhinga rufa,Canada Goldenrod,64143,,DISABLED
Olives - Nicoise,T222-Y3333,Corythornis cristata,Great Plains White Fringed Orchid,61587,,ENABLE
Puree - Guava,J222-S3333,Bubalus arnee,Cascara Buckthorn,33030,,ENABLE
Wine - Mas Chicet Rose, Vintage,O222-B3333,Mirounga angustirostris,Avens,51871,,ENABLE
V8 Splash Strawberry Banana,Z222-K3333,Heloderma horridum,Amygdalaria Lichen,7313,,ENABLE
Cheese - Brie Roitelet,H222-A3333,Cebus apella,Snow Lichen,6661,,ENABLE
Lamb - Racks, Frenched,Q222-B3333,Macropus rufus,Racomitrium Moss,48704,,ENABLE
Cheese - Ermite Bleu,C222-G3333,Neotis denhami,Pale Giant Hyssop,83428,,ENABLE
Sponge Cake Mix - Chocolate,C222-Y3333,Eolophus roseicapillus,Bhutan Pine,15174,,ENABLE
Corn Kernels - Frozen,Y222-M3333,Ateles paniscus,San Clemente Island Bushmallow,92670,,DISABLED
Squid U5 - Thailand,J222-U3333,Rhea americana,Bluegreen Saltbush,73675,,DISABLED
The Pop Shoppe - Root Beer,G222-E3333,Varanus sp.,Sedge,12814,,DISABLED
Yams,Z222-O3333,Spizaetus coronatus,Las Animas Nakedwood,86606,,DISABLED
Currants,E222-G3333,Sitta canadensis,Astripomoea,23508,,ENABLE
Appetizer - Tarragon Chicken,C222-M3333,Plegadis ridgwayi,Rusby's Thistle,69772,,ENABLE
Soup - French Onion, Dry,A222-R3333,Francolinus swainsonii,Xanthoparmelia Lichen,1005,,DISABLED
Couscous,A222-S3333,Pseudalopex gymnocercus,Arizona Scaly Cloakfern,19945,,DISABLED
Passion Fruit,M222-P3333,Agkistrodon piscivorus,Whisk Fern,34222,,ENABLE
Chips Potato Swt Chilli Sour,K222-F3333,Alcelaphus buselaphus cokii,Dissotis,92315,,ENABLE
Stock - Veal, White,H222-E3333,Bubalus arnee,Rimrock Milkvetch,90939,,DISABLED
Peas - Frozen,T222-S3333,Axis axis,Cryptantha,74402,,DISABLED
Broom - Corn,E222-M3333,Bucephala clangula,Resin Cheesewood,69574,,ENABLE
Pork - Bacon, Double Smoked,Q222-I3333,Catharacta skua,Texas Barometer Bush,22169,,DISABLED
Yogurt - Assorted Pack,S222-C3333,Gymnorhina tibicen,Pitcher Sage,30894,,ENABLE
Appetizer - Seafood Assortment,L222-H3333,Alopex lagopus,Fennel,66549,,ENABLE
Muffin - Mix - Mango Sour Cherry,F222-Z3333,Smithopsis crassicaudata,Desert Muhly,46120,,DISABLED
Steampan - Foil,M222-P3333,Streptopelia senegalensis,Owl's-claws,90293,,DISABLED
Wine - Ruffino Chianti,C222-B3333,Acrantophis madagascariensis,Parry's Sage,38048,,ENABLE
Syrup - Monin, Swiss Choclate,V222-Z3333,Pelecanus occidentalis,Gardner's Ptychomitrium Moss,62673,,DISABLED
Water - Spring Water, 355 Ml,A222-T3333,Eubalaena australis,Poison Suckleya,88046,,ENABLE
Dragon Fruit,E222-Q3333,unavailable,Muttongrass,72863,,ENABLE
Nut - Pecan, Halves,A222-V3333,Coluber constrictor,Bridalwreath Spirea,53511,,ENABLE
Chef Hat 25cm,U222-A3333,Drymarchon corias couperi,Oahu Dock,3250,,ENABLE
Quail - Whole, Bone - In,X222-C3333,Irania gutteralis,Dalbergia,56327,,ENABLE
Cucumber - English,P222-M3333,Zenaida asiatica,Bristle Berry,64770,,ENABLE
Tea - Herbal I Love Lemon,L222-C3333,Anser anser,Steiner's Lecidea Lichen,52846,,DISABLED
Nescafe - Frothy French Vanilla,X222-C3333,Phalaropus fulicarius,False Garlic,63549,,DISABLED
Juice - Ocean Spray Cranberry,R222-B3333,Columba livia,Oriental Vessel Fern,33604,,DISABLED
Cake - Cake Sheet Macaroon,M222-R3333,Dasypus septemcincus,Eurasian Catchfly,36977,,ENABLE
Butter - Pod,Z222-U3333,Motacilla aguimp,Sea Aster,92475,,ENABLE
Danishes - Mini Raspberry,F222-R3333,Eutamias minimus,Racomitrium Moss,51146,,DISABLED
Slt - Individual Portions,S222-F3333,Crotalus cerastes,Wall Hawkweed,53182,,ENABLE
Wine - Tio Pepe Sherry Fino,V222-Y3333,Anitibyx armatus,Ionaspis Lichen,6294,,ENABLE
Coffee - Hazelnut Cream,U222-U3333,Lutra canadensis,Hippocrepis,44801,,DISABLED
Pepper - Cayenne,P222-R3333,Plegadis falcinellus,Thickleaf Draba,73530,,ENABLE
Beer - Rickards Red,H222-K3333,Eumetopias jubatus,Fabronia Moss,60732,,DISABLED
Container - Clear 32 Oz,K222-B3333,Morelia spilotes variegata,Cracked Lichen,42228,,ENABLE
Extract - Almond,X222-W3333,Coendou prehensilis,Longleaf Groundcherry,68960,,ENABLE
Mix - Cocktail Ice Cream,P222-T3333,Coluber constrictor,Desert Stingbush,93394,,DISABLED
Pepper - White, Whole,R222-Y3333,Epicrates cenchria maurus,Bigleaf Paspalum,70238,,ENABLE
Dry Ice,H222-A3333,Corallus hortulanus cooki,Tacky Goldenweed,28912,,DISABLED
Spinach - Frozen,O222-K3333,Falco peregrinus,Windham County Blackberry,2340,,DISABLED
Potatoes - Fingerling 4 Oz,O222-X3333,Dasypus novemcinctus,Smallawned Sedge,24192,,ENABLE
Melon - Watermelon Yellow,M222-W3333,Colobus guerza,Cottony Goldenaster,8491,,DISABLED
Lotus Leaves,S222-S3333,Amphibolurus barbatus,Seashore Cactus,58078,,DISABLED
Puff Pastry - Sheets,U222-J3333,Phalaropus lobatus,Littleflower Alumroot,13342,,DISABLED
Wild Boar - Tenderloin,P222-A3333,Zalophus californicus,Orange Lichen,84777,,ENABLE
Cheese - Colby,B222-N3333,Ara macao,Arthothelium Lichen,50396,,DISABLED
Wine - Bourgogne 2002, La,I222-P3333,Corythornis cristata,Wildrye,98159,,DISABLED
Wine - White, Antinore Orvieto,B222-D3333,Sarcorhamphus papa,Tomentose Burbark,13121,,ENABLE
Cocoa Powder - Dutched,T222-W3333,Macropus rufus,Capul,36688,,ENABLE
Cup - Paper 10oz 92959,F222-V3333,Crocodylus niloticus,Lanai Phyllostegia,96384,,ENABLE
Tart Shells - Savory, 2,S222-I3333,Spermophilus parryii,Schell Creek Draba,82658,,DISABLED
Kellogs Raisan Bran Bars,I222-V3333,Sauromalus obesus,Pimpernel Willowherb,17935,,DISABLED
Shallots,U222-O3333,Macropus agilis,Arizona Muhly,26191,,ENABLE
Butcher Twine 4r,X222-H3333,Dipodomys deserti,Neofuscelia Lichen,9172,,DISABLED
Longos - Burritos,E222-H3333,Varanus sp.,Star-grass,58900,,ENABLE
Muffin - Blueberry Individual,A222-V3333,Ammospermophilus nelsoni,Dwarf Woollyheads,85608,,DISABLED
Blouse / Shirt / Sweater,T222-H3333,Limnocorax flavirostra,Narrowleaf Plantain,95057,,ENABLE
Mushroom - King Eryingii,R222-L3333,Sylvicapra grimma,False Sesame,66784,,ENABLE
Juice - Lemon,R222-H3333,Equus hemionus,Dragontree,73198,,ENABLE
Pepper Squash,P222-G3333,Larus dominicanus,Glowvine,17211,,ENABLE
Squash - Acorn,I222-H3333,Tursiops truncatus,Prickly Sedge,22871,,DISABLED
Sobe - Tropical Energy,Y222-U3333,Picoides pubescens,Tall Morning-glory,80947,,DISABLED
Beer - True North Lager,H222-V3333,Cyrtodactylus louisiadensis,Jumpseed,13251,,DISABLED
Browning Caramel Glace,F222-X3333,Damaliscus dorcas,Foxtail Barley,88850,,DISABLED
Muffin Orange Individual,Q222-Z3333,Phoca vitulina,Hypnum Moss,69379,,ENABLE
Pepper - Paprika, Hungarian,K222-W3333,Actophilornis africanus,Spurry Buckwheat,54931,,DISABLED
Tomatoes - Orange,E222-X3333,Ratufa indica,Mojave Cryptantha,56540,,DISABLED
Beer - Original Organic Lager,R222-V3333,Numida meleagris,Pohlia Moss,80359,,ENABLE
Chocolate Bar - Smarties,D222-P3333,Speotyte cuniculata,California Hedgenettle,62822,,DISABLED
Cheese - Le Cheve Noir,B222-J3333,unavailable,Jackbean,61640,,DISABLED
Spring Roll Veg Mini,T222-Q3333,Melophus lathami,Narrowleaf Wildparsley,16436,,ENABLE
Tart Shells - Sweet, 2,H222-U3333,Kobus defassa,Variableleaf Springbeauty,58916,,DISABLED
Rhubarb,Y222-T3333,Antilocapra americana,Stiffleaf Cheesewood,96412,,DISABLED
Bread - French Baquette,D222-B3333,Butorides striatus,Kopiko Kea,86307,,DISABLED
Pork - Butt, Boneless,Q222-F3333,Delphinus delphis,Cup Clover,8769,,ENABLE
Rum - Spiced, Captain Morgan,Z222-T3333,Limnocorax flavirostra,Amygdalaria Lichen,24780,,ENABLE
Tomato - Tricolor Cherry,S222-S3333,Tragelaphus scriptus,Alaska Oniongrass,11594,,ENABLE
Spice - Paprika,R222-V3333,Mazama gouazoubira,Broadleaf Groundcherry,44306,,ENABLE
Egg Patty Fried,H222-W3333,Genetta genetta,Cusick's Rockcress,90283,,DISABLED
Chicken - Base, Ultimate,J222-F3333,Connochaetus taurinus,Yellow Nutsedge,28643,,DISABLED
Artichoke - Hearts, Canned,J222-F3333,Mycteria leucocephala,Brook Cinquefoil,93168,,ENABLE
Cocoa Feuilletine,R222-V3333,Ovibos moschatus,Kamalo Gulch Catchfly,83432,,DISABLED
Stainless Steel Cleaner Vision,X222-Q3333,Haliaeetus leucoryphus,Fuscidea Lichen,77566,,DISABLED
Shallots,E222-Y3333,Macropus giganteus,Shiny Cotoneaster,2471,,DISABLED
Pecan Raisin - Tarts,V222-O3333,Acridotheres tristis,Gray Honeymyrtle,2842,,ENABLE
Bread Foccacia Whole,P222-N3333,Chordeiles minor,Trachybryum Moss,88380,,ENABLE
Pepper - Yellow Bell,V222-C3333,Equus hemionus,Fig,47196,,ENABLE
Stock - Fish,U222-H3333,Vanellus chilensis,Florida Bully,14498,,DISABLED
Olives - Nicoise,W222-T3333,Macropus agilis,Brachythecium Moss,24756,,DISABLED
Beer - Sleemans Cream Ale,D222-L3333,Sceloporus magister,Waltham Creek Clarkia,20724,,ENABLE
Pork - Back Ribs,H222-P3333,Otocyon megalotis,Lookout Mountain Blackberry,35604,,DISABLED
Wine - Guy Sage Touraine,N222-K3333,Varanus sp.,Inland Gilia,16569,,DISABLED
Amaretto,E222-E3333,Dendrocitta vagabunda,Argentine Pepperweed,53577,,ENABLE
Grapes - Green,T222-O3333,Cereopsis novaehollandiae,Sierra Beardtongue,74031,,DISABLED
Juice - Pineapple, 48 Oz,V222-Z3333,Oreamnos americanus,Tweedy's Milkvetch,23716,,DISABLED
Sherbet - Raspberry,A222-P3333,Theropithecus gelada,Roving Pricklypear,13941,,DISABLED
Ecolab - Ster Bac,W222-V3333,Eremophila alpestris,Hartwrightia,23283,,ENABLE
Bread - Granary Small Pull,G222-H3333,Cacatua tenuirostris,Maclean's Goldenweed,43213,,DISABLED
Chevril,K222-F3333,Mabuya spilogaster,Elliott's Bentgrass,34140,,DISABLED
Kiwi,E222-S3333,Lemur fulvus,Lignum-vitae,1941,,DISABLED
Lettuce - Radicchio,S222-X3333,Oxybelis fulgidus,Yellowstone Draba,13265,,DISABLED
Berry Brulee,Z222-E3333,Butorides striatus,Field Copperleaf,76798,,DISABLED
Beef - Eye Of Round,K222-E3333,Chelodina longicollis,Alkanna,46813,,DISABLED
Rice - Basmati,A222-O3333,Casmerodius albus,Intricate Orthothecium Moss,30981,,DISABLED
Canada Dry,D222-F3333,Spermophilus lateralis,Greenflower Indian Mallow,95977,,DISABLED
Lettuce - Baby Salad Greens,H222-T3333,Alligator mississippiensis,Kansas Aschisma Moss,31033,,ENABLE
Quail - Whole, Boneless,B222-E3333,Varanus sp.,Beard Lichen,81186,,ENABLE
Bread - Italian Sesame Poly,I222-Z3333,Pavo cristatus,Erect Centella,98912,,ENABLE
Eggplant Italian,Z222-R3333,Ardea golieth,Longleaf Brake,52189,,ENABLE
Potatoes - Mini White 3 Oz,T222-R3333,Butorides striatus,Platygraphopsis Lichen,53416,,DISABLED
Pork - Tenderloin, Fresh,C222-X3333,Equus burchelli,Foothill Beargrass,54402,,DISABLED
Pesto - Primerba, Paste,W222-Z3333,Rangifer tarandus,Black Maple,18010,,DISABLED
Eggplant Italian,D222-L3333,Cynictis penicillata,Sodaville Milkvetch,73558,,DISABLED
Sauce - Rosee,P222-O3333,Larus dominicanus,Ashen Milkvetch,77023,,ENABLE
Bread - Pumpernickel,K222-X3333,Otaria flavescens,Tropical Paspalum,1846,,ENABLE
Chips Potato Reg 43g,Y222-H3333,Spizaetus coronatus,Pedilanthus,54693,,DISABLED
C - Plus, Orange,G222-A3333,Conolophus subcristatus,Tahoe Sedge,73765,,ENABLE
Bagels Poppyseed,P222-R3333,Ephippiorhynchus mycteria,Exserted Indian Paintbrush,64920,,DISABLED
Apple - Granny Smith,J222-M3333,Trichosurus vulpecula,Soft Twinevine,36704,,DISABLED
Bread - Rye,C222-A3333,Podargus strigoides,Bertero's Tufted Airplant,14436,,ENABLE
Beer - Maudite,P222-C3333,Vanessa indica,Cockroachplant,20477,,DISABLED
Beef - Ground Lean Fresh,W222-L3333,Bubo virginianus,Double Cinnamon Rose,1711,,DISABLED
Cheese - Boursin, Garlic / Herbs,R222-Q3333,Phalacrocorax carbo,Davy's Clarkia,41175,,ENABLE
Puree - Raspberry,S222-F3333,Grus rubicundus,Small Capsule Dung Moss,9315,,DISABLED
Straw - Regular,H222-N3333,Bettongia penicillata,Meesia Moss,68073,,ENABLE
Fenngreek Seed,L222-J3333,Plectopterus gambensis,Mound Phlox,34259,,DISABLED
Lamb - Shanks,J222-M3333,Felis silvestris lybica,Meadow Knapweed,99179,,DISABLED
Mince Meat - Filling,E222-E3333,Sceloporus magister,Slenderleaf Clammyweed,92940,,ENABLE
Basil - Primerba, Paste,E222-O3333,Varanus sp.,Japanese Red Pine,71271,,DISABLED
Iced Tea - Lemon, 340ml,Q222-G3333,Lamprotornis superbus,Tall Blazing Star,11977,,DISABLED
Wine - George Duboeuf Rose,D222-X3333,Ovis ammon,Kentucky Bluegrass,52468,,ENABLE
Lobster - Live,L222-J3333,Ratufa indica,Splitawn Sedge,22912,,ENABLE
Basil - Primerba, Paste,N222-H3333,Catharacta skua,Ahart's Dwarf Rush,11947,,ENABLE
Cakes Assorted,I222-W3333,Geochelone radiata,Arthothelium Lichen,91722,,DISABLED
Carbonated Water - Cherry,Z222-B3333,Notechis semmiannulatus,Lousewort,74173,,ENABLE
Wine - Red, Lurton Merlot De,B222-X3333,unavailable,Squirreltail Fescue,55320,,DISABLED
Ice Cream Bar - Oreo Sandwich,V222-Y3333,Creagrus furcatus,Silvertop Stringybark,7591,,DISABLED
Kahlua,R222-J3333,Canis aureus,Pringle's Heliotrope,76808,,ENABLE
Bread - Flat Bread,E222-Q3333,Carduelis pinus,King's Clover,66331,,DISABLED
Pork Loin Cutlets,L222-O3333,Phalaropus fulicarius,Governor's Plum,74373,,ENABLE
Orange Roughy 6/8 Oz,J222-F3333,Cyrtodactylus louisiadensis,Mosquito Plant,80475,,DISABLED
Chocolate - Unsweetened,U222-C3333,Tenrec ecaudatus,Sycamore Maple,1992,,ENABLE
White Baguette,Z222-S3333,Phoca vitulina,Florida Spiderlily,28887,,ENABLE
Cabbage Roll,T222-R3333,Hyaena brunnea,Broomstick,95434,,ENABLE
Huck Towels White,O222-X3333,Grus rubicundus,Port Clarence Indian Paintbrush,63056,,DISABLED
Wine - Maipo Valle Cabernet,Q222-W3333,Merops sp.,Threadstem Sandmat,79145,,DISABLED
Cookie Choc,R222-W3333,Irania gutteralis,Texas Sotol,79945,,DISABLED
Coffee - Dark Roast,J222-Z3333,Phalaropus lobatus,Sandplain Flax,97063,,ENABLE
Tomatoes - Orange,Z222-N3333,Tetracerus quadricornis,Bisbee Spinystar,6567,,DISABLED
Pork - Back Ribs,C222-H3333,Dasyurus viverrinus,Sagebrush Cholla,84184,,ENABLE
Sauce - Thousand Island,Q222-J3333,Sitta canadensis,Blackfruit Spikerush,72429,,ENABLE
Tomatoes - Orange,X222-C3333,Branta canadensis,Longleaf Milkweed,91872,,ENABLE
Soup - Tomato Mush. Florentine,B222-Y3333,Sagittarius serpentarius,Guyanese Pepper,93421,,DISABLED
Bandage - Flexible Neon,B222-P3333,Tauraco porphyrelophus,Beebalm,61152,,ENABLE
Pomegranates,S222-H3333,Carduelis uropygialis,Brownplume Wirelettuce,64124,,ENABLE
Fond - Chocolate,D222-V3333,Plectopterus gambensis,Waterwheel Plant,98560,,DISABLED
Milkettes - 2%,L222-B3333,Diceros bicornis,Hammock Bog Orchid,85218,,ENABLE
Beer - Moosehead,L222-I3333,Sus scrofa,San Luis Mountain Ipomopsis,20443,,ENABLE
Snapple - Mango Maddness,B222-N3333,Macropus agilis,Rooted Poppy,63492,,ENABLE
Veal - Slab Bacon,P222-C3333,Manouria emys,Hybrid Oak,55621,,DISABLED
Coffee - Cafe Moreno,C222-W3333,Nucifraga columbiana,Pumpelly's Brome,26085,,DISABLED
Soup - Campbells, Butternut,X222-R3333,Macropus robustus,Long Beach Primrose-willow,90418,,ENABLE
Sproutsmustard Cress,L222-G3333,Ictonyx striatus,Coast Indian Paintbrush,73443,,ENABLE
Seedlings - Buckwheat, Organic,H222-K3333,Connochaetus taurinus,Yellow Spinecape,97118,,ENABLE
Zucchini - Mini, Green,F222-R3333,Ciconia episcopus,Phaeographina Lichen,66117,,ENABLE
Mustard Prepared,E222-X3333,Sarcorhamphus papa,Silver Fleabane,97266,,ENABLE
Beef - Ox Tongue, Pickled,P222-D3333,Chauna torquata,Pyrrhospora Lichen,1015,,DISABLED
Wine - Jafflin Bourgongone,E222-R3333,Haliaetus vocifer,Wild Bushbean,80924,,DISABLED
Scrubbie - Scotchbrite Hand Pad,C222-P3333,Mephitis mephitis,Creeping Necklace Fern,70165,,ENABLE
Oysters - Smoked,L222-X3333,Felis silvestris lybica,Yerba Neto Hoja De Cueva,24313,,DISABLED
Ocean Spray - Ruby Red,T222-G3333,Nectarinia chalybea,Crookneck Squash,63908,,ENABLE
Cucumber - English,L222-Q3333,Ninox superciliaris,Field Chickweed,11283,,DISABLED
Cheese - Fontina,D222-F3333,Bucorvus leadbeateri,Pale Blue-eyed Grass,57865,,ENABLE
Wine - White, Cooking,Y222-B3333,Equus burchelli,Plantainleaf Sedge,9978,,DISABLED
Tea - Jasmin Green,U222-E3333,Ara ararauna,Northeastern Sedge,45908,,DISABLED
Sauce - Alfredo,N222-J3333,Cacatua tenuirostris,Wax Mallow,71483,,ENABLE
Chocolate - Feathers,G222-N3333,Notechis semmiannulatus,Parchment Bristle Fern,95750,,ENABLE
Pork - Shoulder,U222-Q3333,Ephippiorhynchus mycteria,Stigmidium Lichen,65352,,ENABLE
Wine - Cabernet Sauvignon,B222-X3333,Chionis alba,Cyrtandra,30139,,DISABLED
Lentils - Green Le Puy,A222-A3333,Melanerpes erythrocephalus,Rose,63858,,DISABLED
Soup - Clam Chowder, Dry Mix,R222-L3333,Cordylus giganteus,Quillwort,95432,,DISABLED
Wine - Dubouef Macon - Villages,I222-O3333,Echimys chrysurus,Tuliptree,59547,,ENABLE
Bread Foccacia Whole,W222-W3333,Sciurus vulgaris,Thompson's Buckwheat,77656,,DISABLED
Wanton Wrap,J222-X3333,Cervus elaphus,Maccart's Swallow-wort,43805,,DISABLED
Poppy Seed,X222-B3333,Ursus maritimus,Nichol's Echinocactus,41721,,ENABLE
Soup - Campbells Mushroom,Q222-C3333,Paraxerus cepapi,Donner Lake Lupine,26962,,DISABLED
Mustard - Seed,G222-O3333,Cervus duvauceli,Pitcherplant,40417,,DISABLED
Muffin Mix - Morning Glory,G222-L3333,Marmota monax,Phloxleaf Bedstraw,97995,,ENABLE
Vinegar - White,T222-U3333,Phoca vitulina,Sears' Goatgrass,46961,,DISABLED
Ecolab - Medallion,Q222-O3333,Paradoxurus hermaphroditus,Saintedwood,48054,,DISABLED
Pate - Peppercorn,B222-Y3333,Sarkidornis melanotos,Netted Popcornflower,74328,,DISABLED
Tomatoes - Vine Ripe, Red,S222-Y3333,Cacatua tenuirostris,Velvet Panicum,76033,,ENABLE
Sobe - Berry Energy,R222-R3333,Spermophilus parryii,African Lovegrass,18148,,DISABLED
Beans - Black Bean, Dry,R222-X3333,Macropus eugenii,Ironweed,1389,,ENABLE
Beans - Kidney, Canned,Z222-R3333,Tragelaphus angasi,Texas Skeletonplant,45150,,ENABLE
Cookies - Englishbay Oatmeal,D222-F3333,Cordylus giganteus,Palmer's Bajalily,28052,,DISABLED
Dr. Pepper - 355ml,U222-P3333,Milvus migrans,Different-nerve Sedge,42197,,DISABLED
Soup - Campbells Tomato Ravioli,Q222-H3333,Milvus migrans,Bald Cypress,94719,,DISABLED
Pastry - French Mini Assorted,W222-E3333,Phoenicopterus ruber,Sticky Dicranella Moss,82220,,ENABLE
Beef - Baby, Liver,Y222-Z3333,Choloepus hoffmani,Bigelow's Willow,50624,,DISABLED
Sauce - White, Mix,I222-P3333,Ninox superciliaris,Bladderfern,27020,,ENABLE
Appetizer - Seafood Assortment,V222-J3333,Panthera leo,Hybrid Oak,70845,,DISABLED
Coriander - Ground,Q222-I3333,Vanellus armatus,Cronquist's Fleabane,96917,,ENABLE
Buffalo - Tenderloin,L222-R3333,Sarcorhamphus papa,Pygmypoppy,16366,,DISABLED
Dried Peach,W222-T3333,Nyctereutes procyonoides,Blackfruit Spikerush,7485,,ENABLE
Tea - Grapefruit Green Tea,L222-A3333,Sceloporus magister,Sommerfelt's Pore Lichen,86751,,DISABLED
Dried Apple,Y222-Q3333,Bettongia penicillata,Kern Frasera,12192,,ENABLE
Juice - Prune,L222-T3333,Halcyon smyrnesis,Forked Wormwood,38433,,DISABLED
Mint - Fresh,Q222-X3333,Pycnonotus barbatus,Spreading Sandwort,19067,,ENABLE
Veal - Heart,C222-Z3333,Corvus brachyrhynchos,Intermountain Clover,51818,,ENABLE
Pail For Lid 1537,A222-N3333,Alces alces,Moonseed,44997,,ENABLE
Lemonade - Strawberry, 591 Ml,V222-R3333,Lorythaixoides concolor,Stansell's Fleabane,96956,,DISABLED
Tomatoes - Grape,I222-O3333,Manouria emys,Baker's Violet,67315,,DISABLED
Food Colouring - Pink,Q222-S3333,Platalea leucordia,Netvein Goldeneye,50789,,DISABLED
Okra,Y222-Y3333,Epicrates cenchria maurus,Kauai False Ohelo,83597,,DISABLED
Pork - Bacon Cooked Slcd,Q222-F3333,Francolinus leucoscepus,Serpentine Indian Pink,82861,,DISABLED
Kiwi Gold Zespri,D222-Q3333,Nesomimus trifasciatus,Mexican Bedstraw,16619,,ENABLE
Carroway Seed,J222-F3333,Ceryle rudis,Pentzia,46312,,DISABLED
Egg Patty Fried,K222-J3333,Tadorna tadorna,Birdcatching Sedge,11747,,DISABLED
Coffee Guatemala Dark,N222-Q3333,Felis libyca,Savory,32100,,DISABLED
Banana - Green,K222-J3333,Gyps bengalensis,Nodding Milkweed,98439,,DISABLED
Pork - Tenderloin, Fresh,Z222-G3333,Diomedea irrorata,Grand Junction Milkvetch,37677,,ENABLE
Pork Ham Prager,Q222-R3333,Zalophus californicus,California Milkweed,69698,,ENABLE
Cake - French Pear Tart,X222-R3333,Leipoa ocellata,Butterfly Orchid,76002,,DISABLED
Capon - Breast, Double, Wing On,E222-J3333,Corvus brachyrhynchos,Schreber's Dicranella Moss,30635,,DISABLED
Cabbage - Red,T222-M3333,Actophilornis africanus,Fragile Maidenhair,91767,,DISABLED
Pork Ham Prager,E222-C3333,Neotoma sp.,Downy Phlox,59102,,ENABLE
Cheese - Gouda,V222-K3333,Phalacrocorax brasilianus,Purpleflowering Raspberry,65093,,DISABLED
Red Currants,B222-D3333,Phalacrocorax niger,Serrate Funaria Moss,70042,,ENABLE
Buffalo - Tenderloin,X222-A3333,Helogale undulata,Mosquito Rush,25485,,ENABLE
Glycerine,J222-T3333,Damaliscus dorcas,Rock Goldenrod,31303,,DISABLED
Momiji Oroshi Chili Sauce,X222-O3333,Semnopithecus entellus,Denseflower Willowherb,58679,,ENABLE
Pork - Suckling Pig,U222-B3333,Nectarinia chalybea,Blue Plantain Lily,64810,,DISABLED
Pastry - Choclate Baked,E222-Y3333,Streptopelia decipiens,Mallee Honeymyrtle,35575,,ENABLE
Pail With Metal Handle 16l White,P222-X3333,Columba livia,Dotted Lichen,23087,,DISABLED
Salmon - Atlantic, Skin On,H222-D3333,Trichoglossus haematodus moluccanus,Tundra Fescue,63325,,DISABLED
Chips - Doritos,E222-K3333,Libellula quadrimaculata,Pearthorn,1315,,DISABLED
Orange Roughy 4/6 Oz,J222-E3333,Ramphastos tucanus,California Pellitory,98007,,DISABLED
Flour - Fast / Rapid,E222-N3333,Dipodomys deserti,Texas Snakeweed,64486,,DISABLED
Pork - Caul Fat,Q222-H3333,Tragelaphus angasi,Slender Popcornflower,22947,,ENABLE
Bread - Hot Dog Buns,R222-Y3333,Felis serval,Silverscale Saltbush,73700,,ENABLE
Cheese - La Sauvagine,V222-A3333,Ninox superciliaris,Longtube Ipomopsis,66719,,DISABLED
Sugar - Cubes,S222-T3333,Lemur catta,Rehman's Halfchaff Sedge,58033,,ENABLE
Lettuce - Romaine, Heart,P222-C3333,Ara ararauna,Death Valley Beardtongue,5713,,DISABLED
Spice - Paprika,M222-B3333,Tamandua tetradactyla,Spurry Buckwheat,66771,,DISABLED
Wine - Coteaux Du Tricastin Ac,L222-R3333,Mirounga leonina,Lilytree,44912,,DISABLED
Cabbage - Green,L222-F3333,Anthropoides paradisea,Emory's Milkvetch,24325,,ENABLE
Bacardi Raspberry,P222-Y3333,Tachyglossus aculeatus,Jelutong,28974,,DISABLED
Jagermeister,A222-M3333,Meleagris gallopavo,Syngonanthus,89703,,DISABLED
Bowl 12 Oz - Showcase 92012,T222-D3333,Paraxerus cepapi,Rosemary-mint,38995,,DISABLED
Lemonade - Black Cherry, 591 Ml,D222-N3333,unavailable,Wright's Baccharis,94359,,DISABLED
Apple - Northern Spy,S222-D3333,Haliaetus leucogaster,Confusing Lady's Tresses,15289,,DISABLED
Cookies Cereal Nut,C222-B3333,Lutra canadensis,Turpentine Weed,86195,,DISABLED
Bread - Rolls, Rye,U222-Z3333,Colaptes campestroides,Denseflower Rein Orchid,11286,,DISABLED
Halibut - Whole, Fresh,J222-U3333,Fregata magnificans,Damiana,19037,,DISABLED
Wine - Segura Viudas Aria Brut,T222-B3333,Uraeginthus angolensis,Seashore Cactus,88285,,ENABLE
Chilli Paste, Ginger Garlic,K222-U3333,unavailable,Bulbous Adderstongue,32603,,DISABLED
Soup - Beef, Base Mix,P222-B3333,Kobus defassa,Hairy Bluestem,83641,,ENABLE
Soup - Campbells Chicken,K222-N3333,Ictonyx striatus,Catillaria Lichen,16217,,DISABLED
Carbonated Water - White Grape,S222-O3333,Gazella thompsonii,Coamo,5516,,ENABLE
Muffin - Mix - Creme Brule 15l,Y222-P3333,Mazama gouazoubira,Smooth Flatsedge,7005,,DISABLED
Kohlrabi,I222-F3333,Butorides striatus,Muhlenberg's Sedge,29131,,DISABLED
Cut Wakame - Hanawakaba,J222-Z3333,Leprocaulinus vipera,San Francisco Lessingia,62829,,ENABLE
Wine - Harrow Estates, Vidal,Z222-P3333,Larus dominicanus,Serpentine Bedstraw,47641,,ENABLE
Pop - Club Soda Can,K222-J3333,Nycticorax nycticorax,Largeleaf Geigertree,35718,,DISABLED
Turnip - White, Organic,B222-N3333,Trachyphonus vaillantii,Southwestern Pleatleaf,23839,,DISABLED
Oneshot Automatic Soap System,K222-G3333,Aegypius occipitalis,Heartleaf Twistflower,4486,,ENABLE
Bacardi Raspberry,L222-H3333,Trichoglossus chlorolepidotus,Gaping Grass,44941,,ENABLE
Gingerale - Diet - Schweppes,E222-N3333,Castor canadensis,Jawleaf Lupine,5096,,DISABLED
Shortbread - Cookie Crumbs,C222-Z3333,Fratercula corniculata,Largeleaf Goldenrod,80405,,DISABLED
Guava,U222-M3333,Crotaphytus collaris,Dodge's Granular Lichen,25450,,ENABLE
Quail - Jumbo Boneless,V222-I3333,Capra ibex,Amblyodon Moss,9926,,DISABLED
Beans - Kidney, Canned,B222-M3333,Cacatua tenuirostris,Gray Clubawn Grass,75313,,ENABLE
Sugar Thermometer,C222-N3333,Francolinus coqui,Smut Grass,14406,,DISABLED
Potatoes - Peeled,F222-K3333,Ara chloroptera,Native Caper,87101,,ENABLE
Sprouts - Peppercress,D222-E3333,Melanerpes erythrocephalus,New Mexico Saltbush,59878,,ENABLE
Wine - White, Riesling, Semi - Dry,E222-L3333,Aegypius tracheliotus,Rim Lichen,36438,,ENABLE
Cheese - Havarti, Salsa,C222-P3333,Felis wiedi or Leopardus weidi,Oregon Twinpod,43272,,DISABLED
Chivas Regal - 12 Year Old,Z222-C3333,Nesomimus trifasciatus,Porter's Sunflower,10754,,ENABLE
Beef - Rib Eye Aaa,P222-F3333,Mirounga angustirostris,Allspice,9544,,DISABLED
Capon - Breast, Wing On,I222-S3333,Tayassu pecari,Spleen Amaranth,25761,,DISABLED
Appetizer - Seafood Assortment,I222-W3333,Genetta genetta,Rosette Lichen,60073,,ENABLE
Muffin - Zero Transfat,V222-L3333,Sus scrofa,Hidden Orchid,95414,,DISABLED
Godiva White Chocolate,R222-O3333,Ursus americanus,Neglected Balsamroot,13649,,DISABLED
Tuna - Salad Premix,N222-H3333,Antilocapra americana,Hemlock Rosette Grass,57469,,ENABLE
Cheese - Cheddar, Medium,J222-X3333,Dusicyon thous,Denseleaf Pussytoes,84668,,DISABLED
Nantuket Peach Orange,G222-G3333,Felis concolor,Hillside False Bindweed,54380,,ENABLE
Tuna - Bluefin,D222-Y3333,Cervus duvauceli,Blackbead,43063,,ENABLE
Mousse - Passion Fruit,X222-N3333,Macaca nemestrina,Baldwin's Nailwort,98661,,DISABLED
Browning Caramel Glace,Y222-V3333,Choloepus hoffmani,Evermann's Fleabane,55265,,DISABLED
Iced Tea - Lemon, 460 Ml,H222-G3333,Anas bahamensis,Cracked Lichen,67047,,DISABLED
Gherkin,I222-P3333,Creagrus furcatus,Yellow Passionflower,6306,,ENABLE
Bread - Wheat Baguette,L222-L3333,Anthropoides paradisea,Hooker's Scratchdaisy,20200,,ENABLE
Oil - Margarine,Q222-K3333,Scolopax minor,Eaton's Aster,13599,,ENABLE
Lemon Grass,O222-D3333,Cynomys ludovicianus,Dot Lichen,88069,,ENABLE
Ecolab - Lime - A - Way 4/4 L,B222-P3333,Snycerus caffer,Slender Rosinweed,47780,,ENABLE
Muffin Batt - Carrot Spice,O222-D3333,Fulica cristata,Scentless Bayberry,98664,,ENABLE
Muffin Hinge - 211n,K222-K3333,Anhinga rufa,Little Sagebrush,90333,,DISABLED
Everfresh Products,O222-P3333,Sterna paradisaea,Coneflower,69429,,DISABLED
Sprite, Diet - 355ml,Q222-Q3333,Ovis orientalis,Curame,42387,,DISABLED
Cinnamon - Stick,H222-C3333,Zalophus californicus,Tall Ironweed,65568,,DISABLED
Mushroom - Trumpet, Dry,E222-G3333,Stenella coeruleoalba,Plateilema,95820,,ENABLE
Wild Boar - Tenderloin,F222-T3333,Anastomus oscitans,Piedmont Roseling,76236,,ENABLE
Wine - White, Colubia Cresh,D222-C3333,Redunca redunca,Tehipite Valley Jewelflower,34795,,DISABLED
Bandage - Flexible Neon,U222-L3333,Felis concolor,Golden Bladderpod,51249,,ENABLE
Potato - Sweet,W222-K3333,Aquila chrysaetos,Longtip Lacebark,62035,,DISABLED
Lamb Shoulder Boneless Nz,N222-I3333,Haliaetus vocifer,Tracy's Bluestem,29067,,ENABLE
Tart Shells - Savory, 3,T222-W3333,Hyaena hyaena,Drushel's Wild Petunia,37830,,ENABLE
Wine - Periguita Fonseca,F222-H3333,Rhea americana,Hyacinth,91083,,DISABLED
Couscous,B222-L3333,Chamaelo sp.,Malaysian Orchid,55661,,DISABLED
Wanton Wrap,L222-F3333,Meleagris gallopavo,Northpark Phacelia,82218,,ENABLE
Vermouth - White, Cinzano,N222-W3333,Francolinus coqui,Pinemat,8532,,ENABLE
Table Cloth 54x54 White,F222-S3333,Gorilla gorilla,Tree Fern,79018,,ENABLE
Appetizer - Crab And Brie,M222-O3333,Amphibolurus barbatus,Jamaican Tonguefern,81771,,ENABLE
Bag Stand,F222-G3333,Alouatta seniculus,Stream Orchid,47546,,DISABLED
Chocolate - Semi Sweet,R222-V3333,Sceloporus magister,Sandreed,87172,,DISABLED
Doilies - 10, Paper,K222-M3333,Terrapene carolina,Rio Grande Globe Amaranth,83227,,DISABLED
Plaintain,J222-D3333,Alces alces,European Pasqueflower,3704,,DISABLED
Longos - Greek Salad,M222-T3333,Phalaropus lobatus,Purpleflower Honeysuckle,8802,,ENABLE
Breadfruit,M222-O3333,Hystrix cristata,Heartleaf Morning-glory,25127,,ENABLE
Oven Mitts 17 Inch,X222-V3333,Manouria emys,White Fringed Orchid,16869,,DISABLED
Yoplait Drink,G222-D3333,Caiman crocodilus,Fendlerbush,87200,,DISABLED
Veal - Tenderloin, Untrimmed,Q222-Y3333,Tyto novaehollandiae,Slenderflower Saltbush,59297,,DISABLED
Soup Bowl Clear 8oz92008,B222-U3333,Libellula quadrimaculata,Fragrant Spikesedge,62848,,DISABLED
Rappini - Andy Boy,B222-U3333,Ramphastos tucanus,Bursera,75927,,DISABLED
Artichokes - Jerusalem,X222-P3333,Ephipplorhynchus senegalensis,Canyon Gooseberry,96241,,ENABLE
Oysters - Smoked,O222-O3333,Tockus flavirostris,Bluntleaf Spleenwort,41561,,ENABLE
Mushrooms - Black, Dried,Y222-H3333,Hippotragus equinus,Macrozamia,38710,,DISABLED
Jicama,B222-W3333,Haliaetus vocifer,Desert Ragwort,6442,,DISABLED
Table Cloth 62x114 White,C222-V3333,Macropus rufogriseus,Cowparsnip,23753,,DISABLED
Sugar - Brown, Individual,V222-P3333,unavailable,Inkberry,57928,,ENABLE
Bread - Triangle White,J222-T3333,Mabuya spilogaster,Pillar False Gumweed,53870,,ENABLE
Appetiser - Bought,B222-C3333,Sylvicapra grimma,Needle Lichen,47611,,DISABLED
Nescafe - Frothy French Vanilla,M222-K3333,Bassariscus astutus,Chiricahua Adder's-mouth Orchid,58115,,DISABLED
Bagel - Whole White Sesame,R222-Q3333,Chamaelo sp.,Oahu Clermontia,8355,,ENABLE
Cheese - Fontina,A222-Z3333,Canis aureus,Hairypink,69530,,ENABLE
Chocolate - Mi - Amere Semi,O222-E3333,Recurvirostra avosetta,Mueller's Saltbush,24765,,ENABLE
Egg Patty Fried,B222-P3333,Drymarchon corias couperi,Purple Desert Lupine,12561,,ENABLE
Beer - Original Organic Lager,M222-U3333,Boselaphus tragocamelus,Pteroglossaspis,87200,,ENABLE
Wine - Red, Gamay Noir,X222-G3333,unavailable,Curculigo,5094,,DISABLED
Slt - Individual Portions,Q222-V3333,Gyps fulvus,Desert Beardtongue,54391,,DISABLED
Crawfish,S222-Z3333,Mazama americana,Chicita's Giant Shield Lichen,10914,,ENABLE
Marjoram - Dried, Rubbed,V222-X3333,Ciconia episcopus,Red Hempnettle,95005,,ENABLE
Gingerale - Diet - Schweppes,M222-G3333,Acanthaster planci,Curl-leaf Wild Coffee,56887,,DISABLED
Energy Drink - Redbull 355ml,H222-A3333,Nannopterum harrisi,Wislizenia,94046,,DISABLED
Wine - Riesling Dr. Pauly,Q222-K3333,Ratufa indica,Lily,4906,,ENABLE
Ice Cream - Life Savers,Q222-Y3333,Uraeginthus angolensis,Limestone Thoroughwort,26412,,DISABLED
Lobster - Cooked,B222-D3333,Ammospermophilus nelsoni,Marsh Violet,98062,,ENABLE
Appetizer - Southwestern,N222-U3333,Dusicyon thous,Desert Mariposa Lily,67725,,ENABLE
Peas - Frozen,S222-L3333,Taxidea taxus,Wild Chives,78991,,DISABLED
Beef - Rib Eye Aaa,K222-W3333,Echimys chrysurus,Munz's Mariposa Lily,43904,,ENABLE
Sauce - Oyster,T222-G3333,Eudromia elegans,Oncoba,80647,,ENABLE
Crab - Dungeness, Whole,G222-N3333,Anastomus oscitans,Birch,56515,,ENABLE
Lidsoupcont Rp12dn,W222-H3333,Gyps bengalensis,St. Lawrence Waterhorehound,40876,,DISABLED
Tobasco Sauce,J222-D3333,Echimys chrysurus,Hawai'i Bluegrass,29906,,ENABLE
Trueblue - Blueberry Cranberry,Y222-R3333,Halcyon smyrnesis,Vanillaleaf,33745,,ENABLE
Urban Zen Drinks,F222-J3333,Tragelaphus scriptus,False Gaura,9025,,ENABLE
Crawfish,H222-S3333,Hippotragus equinus,Theobroma,83951,,ENABLE
Wine - Magnotta - Cab Franc,W222-M3333,Tiliqua scincoides,Cutleaf Daisy,44468,,ENABLE
Sauce - Bernaise, Mix,J222-M3333,Spizaetus coronatus,Canyon Bird's-foot Trefoil,10573,,ENABLE
Juice - Mango,C222-Y3333,Martes americana,Parrotweed,4387,,DISABLED
Fennel - Seeds,V222-V3333,Mazama americana,Maluco,63264,,ENABLE
Celery Root,I222-L3333,Phalaropus lobatus,Stalkflower,89373,,DISABLED
Halibut - Whole, Fresh,G222-R3333,Erethizon dorsatum,Watermelon,34927,,DISABLED
Foie Gras,L222-Y3333,Macropus eugenii,Football Fruit,10864,,DISABLED
Food Colouring - Pink,R222-P3333,Phalaropus fulicarius,Compact Phacelia,41484,,ENABLE
Nut - Pine Nuts, Whole,N222-N3333,Pseudoleistes virescens,West Indian Mahogany,54019,,DISABLED
Veal - Liver,G222-K3333,Ploceus intermedius,Cutleaf Selfheal,47892,,DISABLED
Wine - White, Ej,C222-E3333,Ceratotherium simum,Sandhill Goosefoot,45649,,DISABLED
Rice - Wild,W222-Q3333,Herpestes javanicus,Tournefort's Gundelia,66241,,ENABLE
Ginger - Ground,S222-B3333,Cygnus atratus,Lanceleaf Violet,19907,,ENABLE
Glove - Cutting,Z222-T3333,Buteo galapagoensis,Theobroma,17995,,ENABLE
Chocolate - Chips Compound,Z222-W3333,Spermophilus tridecemlineatus,Mesa Dropseed,4596,,DISABLED
Yogurt - Peach, 175 Gr,Q222-J3333,Herpestes javanicus,Orcutt's Brodiaea,3259,,ENABLE
Lid Tray - 16in Dome,H222-E3333,Mazama gouazoubira,Western Watermilfoil,81598,,ENABLE
Bacardi Breezer - Strawberry,J222-F3333,Terathopius ecaudatus,Foliage Flower,33529,,DISABLED
Wine - Gewurztraminer Pierre,C222-P3333,Bison bison,North African Knapweed,55358,,ENABLE
Soy Protein,A222-C3333,Pycnonotus barbatus,West Indian Water-willow,94347,,ENABLE
Steampan - Half Size Shallow,G222-K3333,Dipodomys deserti,Talustuft,76527,,ENABLE
Bagel - Everything Presliced,V222-W3333,Sula dactylatra,Utah Agave,98949,,DISABLED
Neckerchief Blck,Q222-K3333,Didelphis virginiana,Blue Woodruff,1908,,DISABLED
Wine - Red, Lurton Merlot De,M222-K3333,Spermophilus richardsonii,Marijuana,88804,,DISABLED
Trout Rainbow Whole,H222-B3333,Ciconia ciconia,Whiskered Brome,34749,,ENABLE
Hagen Daza - Dk Choocolate,H222-U3333,Canis lupus baileyi,Utah Columbine,44879,,ENABLE
Tomatoes Tear Drop Yellow,Z222-S3333,Sylvicapra grimma,Devil's-tongue,37216,,ENABLE
Plastic Wrap,C222-R3333,Heloderma horridum,Spreading Buckwheat,80233,,ENABLE
Pectin,Q222-C3333,Gyps bengalensis,Indian Blanket,74792,,ENABLE
Cheese - Havarti, Salsa,S222-C3333,Pycnonotus nigricans,Chinese Photinia,18075,,DISABLED
Mushroom - Chantrelle, Fresh,H222-K3333,Cercopithecus aethiops,Pointed Phlox,49698,,DISABLED
